DeliveryID,DateKey,ProductID,DistributionCenterID,CarrierID,DeliveredOrders,DelayedOrders,ReturnedOrders,Revenue,AverageDeliveryDays,PenaltyCost
1488,20240101,3,1,2,78,8,1,78806.65,2.8,485.15
2259,20240101,6,6,4,41,6,1,92181.56,7.3,558.03
2316,20240101,7,6,5,22,2,0,16821.66,4.8,70.28
1409,20240102,7,2,4,51,10,1,36002.57,3.7,911.83
1482,20240102,3,2,1,116,5,1,116013.54,4.1,339.64
1949,20240102,10,3,3,49,3,2,80684.5,5.8,226.96
1996,20240102,7,1,1,111,5,3,85150.32,6.1,351.56
1622,20240103,1,3,2,19,1,0,15467.3,4.3,60.75
1739,20240103,11,2,5,88,5,2,97612.14,3.9,248.35
1913,20240103,5,4,5,38,6,1,52970.02,4.3,235.19
381,20240104,4,6,1,63,13,3,41338.59,4.4,1204.23
773,20240104,6,2,3,49,2,4,95787.66,1.6,82.55
846,20240104,10,1,2,25,0,1,42622.49,2.9,0.0
901,20240104,8,4,3,24,1,0,21371.03,5.1,54.34
1237,20240104,7,4,1,63,6,0,48476.72,3.3,344.27
1294,20240104,4,3,5,102,13,6,62099.57,2.8,464.84
1550,20240104,3,5,3,49,2,1,47726.0,4.0,155.63
465,20240105,2,5,4,22,5,0,27175.99,5.3,458.13
845,20240105,9,4,3,107,6,1,56390.33,5.2,448.99
104,20240106,2,5,2,92,8,1,113535.77,3.3,558.8
575,20240106,1,5,1,119,9,4,97925.53,2.0,754.9
707,20240106,11,1,4,83,10,1,88464.64,6.6,547.59
1190,20240106,11,4,2,60,4,2,69770.06,3.5,349.46
1279,20240106,7,4,4,95,10,0,76551.59,6.0,858.95
2202,20240106,12,3,5,103,5,1,69204.23,3.4,196.44
1175,20240107,12,6,5,36,9,1,24357.56,2.4,534.72
1532,20240107,1,5,1,41,2,2,32549.27,2.1,177.42
1807,20240107,11,6,4,116,18,2,134705.19,7.2,706.54
303,20240108,3,2,4,45,7,1,41790.82,4.7,613.5
1070,20240108,11,5,3,52,2,0,58925.5,3.9,79.03
1763,20240108,7,3,5,70,0,3,50607.99,3.2,0.0
790,20240109,11,6,2,108,16,2,126422.99,4.5,861.67
801,20240109,12,3,4,120,18,2,88044.31,3.8,1475.8
1682,20240110,4,6,1,56,5,4,35188.8,5.0,350.46
410,20240111,3,1,1,19,1,0,18061.12,2.5,80.39
839,20240111,11,1,2,22,4,0,22560.25,4.8,323.72
1038,20240111,8,1,2,58,4,1,55034.98,4.5,250.55
1121,20240111,10,1,4,59,13,3,107404.2,6.5,901.35
889,20240112,3,5,4,119,17,5,121215.42,4.8,1114.01
1366,20240113,5,4,4,52,12,2,72703.89,5.4,747.18
1624,20240113,4,5,1,90,15,9,57144.19,2.3,773.1
415,20240114,3,5,4,87,11,3,83578.01,6.3,576.21
478,20240114,12,5,4,108,20,4,68642.63,6.4,1153.28
1594,20240114,4,4,1,112,10,6,66367.66,3.0,817.15
1652,20240114,5,5,2,79,3,2,115064.73,4.3,256.88
233,20240115,11,3,2,54,5,1,63306.69,3.1,225.0
2090,20240115,5,6,2,64,7,3,89499.09,4.4,301.95
300,20240116,2,2,2,88,10,0,108424.18,2.8,671.84
540,20240116,3,3,3,68,7,0,64786.99,3.9,541.92
1529,20240116,8,1,5,112,3,2,101907.54,3.5,132.53
2171,20240116,9,2,2,55,3,0,31336.09,4.7,170.52
170,20240117,12,5,1,106,8,3,76841.3,2.7,725.84
272,20240117,11,4,5,31,1,0,36590.73,3.2,35.7
369,20240117,6,3,2,40,0,2,86803.05,3.7,0.0
1167,20240117,6,5,2,116,2,2,237061.52,3.5,118.34
1744,20240117,6,4,2,107,7,0,237207.8,4.2,264.77
2138,20240117,9,2,5,28,1,1,15547.56,1.5,63.54
821,20240118,9,1,2,110,2,2,61052.7,3.0,100.67
1783,20240118,2,4,5,24,4,0,28013.34,3.6,278.75
2261,20240118,10,3,1,27,4,2,50736.73,4.4,258.62
429,20240119,8,1,4,95,15,2,91231.67,6.5,854.44
454,20240119,2,4,2,61,3,2,70030.04,2.7,175.34
1180,20240119,1,4,3,113,8,1,95301.12,2.6,661.75
1399,20240119,1,1,2,73,3,1,64546.08,4.7,155.14
2223,20240120,10,4,3,75,2,4,122164.45,4.5,87.91
2329,20240120,2,2,1,117,8,0,147118.65,2.1,452.99
830,20240122,11,1,3,57,2,1,59975.78,3.5,123.5
1300,20240122,10,2,5,62,6,6,107054.19,4.2,562.99
1493,20240122,6,1,5,20,2,1,43774.59,2.7,97.61
1590,20240122,6,4,2,75,6,1,164147.22,4.3,476.18
1944,20240122,4,1,5,107,17,7,70064.39,2.6,1553.64
138,20240123,6,4,2,61,2,0,131372.65,4.2,109.02
1536,20240123,11,2,3,31,0,1,35334.24,4.3,0.0
1869,20240123,1,3,3,94,2,3,85315.32,4.2,111.8
385,20240124,11,5,1,43,1,1,47312.69,4.3,60.42
787,20240124,10,2,5,32,3,2,53394.48,4.2,266.39
2263,20240124,2,6,3,82,16,1,90564.05,4.3,1181.08
147,20240126,10,3,1,40,3,2,66755.35,4.8,162.41
663,20240126,5,5,4,113,20,3,169993.61,6.4,1770.33
1683,20240126,10,6,2,28,5,2,50203.64,4.1,333.29
2322,20240126,10,5,3,16,2,3,29943.97,3.3,146.55
844,20240127,7,5,1,74,3,1,56986.37,4.6,192.16
970,20240127,2,4,3,36,1,1,42105.11,3.6,73.45
1446,20240127,6,2,4,60,9,1,126569.5,6.4,502.82
1909,20240127,10,2,2,35,1,1,58613.97,4.0,55.12
117,20240128,9,1,4,80,12,0,39751.18,5.8,1059.76
328,20240128,1,4,2,40,2,0,32588.27,4.2,97.25
1266,20240128,6,2,4,84,18,4,164717.45,5.3,1557.68
2203,20240129,4,6,5,72,12,2,45192.96,4.5,1087.54
870,20240130,12,5,1,90,5,3,60953.47,4.3,453.22
1240,20240130,8,2,4,52,10,3,49411.02,5.8,802.64
2038,20240130,12,1,3,52,1,0,35737.04,2.7,93.59
250,20240131,4,6,5,65,11,9,42698.51,3.8,794.79
902,20240131,4,3,5,65,7,1,37838.42,4.5,266.73
1019,20240131,2,3,3,116,13,0,135305.4,6.1,571.8
1099,20240131,2,4,1,95,4,2,112600.67,2.5,174.54
1452,20240131,1,2,3,112,11,0,88380.71,2.4,603.06
562,20240201,6,5,4,33,5,0,70714.07,5.0,426.94
817,20240201,1,5,3,31,5,0,25250.49,2.8,188.77
1871,20240201,10,2,1,66,1,2,117476.74,2.6,43.19
2339,20240201,5,2,3,79,5,2,105514.56,3.1,192.87
56,20240202,6,5,4,58,5,2,125206.45,5.1,300.02
352,20240202,1,4,3,58,2,0,46936.38,3.7,166.19
397,20240202,11,6,4,120,32,2,123508.74,5.5,1944.02
811,20240202,12,2,3,82,2,0,58236.21,5.6,183.64
1110,20240202,5,4,3,110,8,1,170219.0,3.5,528.64
2371,20240202,4,6,5,86,15,6,53064.92,4.5,633.82
1806,20240203,10,2,4,21,6,0,35655.15,4.2,354.7
1463,20240204,3,2,4,65,3,1,59653.84,6.5,139.11
1526,20240204,7,1,4,25,3,1,18160.02,6.6,264.63
1781,20240204,8,3,5,41,1,0,37955.53,1.8,90.29
1270,20240205,3,6,1,92,6,3,88217.21,4.6,548.3
1286,20240205,2,5,3,101,6,0,112919.67,2.4,539.59
1518,20240205,11,6,3,86,7,0,94038.72,5.5,356.08
574,20240206,12,2,5,98,5,0,70885.3,3.3,291.69
699,20240206,3,6,5,96,13,1,94380.62,6.7,961.75
1642,20240206,8,2,2,61,4,0,54119.94,4.3,312.93
1976,20240206,8,6,5,101,18,1,89445.57,2.8,687.68
584,20240207,10,3,4,95,6,3,156679.5,4.7,506.3
848,20240207,2,6,5,25,8,0,29625.28,4.9,670.78
1453,20240207,2,2,2,113,7,0,144379.15,3.8,540.72
1464,20240207,8,6,5,104,11,0,92667.39,5.5,775.78
1653,20240207,10,6,3,51,8,1,94618.97,4.9,523.13
2278,20240207,7,1,1,84,5,1,63206.23,4.3,201.67
887,20240208,2,5,4,110,19,1,135297.62,4.7,1072.86
2314,20240208,6,3,3,72,7,1,152256.64,2.2,533.04
546,20240209,2,3,1,62,5,1,73511.51,5.0,246.67
898,20240209,11,5,2,25,1,1,27015.27,4.0,77.24
1983,20240209,5,3,5,27,1,0,38122.06,3.0,58.14
542,20240210,12,4,2,46,2,1,32264.26,3.8,149.85
1021,20240210,7,4,2,55,3,0,42835.31,2.9,181.81
1026,20240210,12,4,4,51,9,2,33273.83,4.6,519.25
1267,20240210,8,3,2,48,2,2,43738.54,4.4,140.8
858,20240211,3,5,3,35,1,3,35792.97,4.9,83.52
1801,20240211,9,1,3,51,3,1,26028.99,2.7,222.96
1979,20240211,2,1,1,120,11,2,149419.53,2.5,944.35
150,20240212,2,3,4,70,13,3,82166.17,4.7,741.76
1136,20240212,1,2,3,98,7,2,81423.45,4.3,635.5
619,20240214,8,4,4,87,12,6,72543.72,5.6,887.24
1351,20240214,7,1,5,21,1,0,16022.33,4.0,35.84
1411,20240214,3,1,2,71,5,0,73637.46,2.5,287.53
1470,20240214,9,5,5,103,5,2,53647.66,3.0,383.51
1615,20240214,4,2,3,65,8,6,37092.86,3.1,533.91
1889,20240214,10,5,1,53,6,3,93865.53,2.8,431.98
2373,20240214,3,6,1,75,10,1,69013.4,5.1,671.01
2002,20240215,2,1,4,58,11,0,71111.87,5.8,945.72
36,20240216,7,4,1,68,6,3,48554.27,2.2,561.65
2129,20240216,6,5,3,120,11,0,254944.42,3.3,872.2
279,20240217,7,5,4,70,13,2,54787.23,4.7,630.85
1456,20240217,9,1,4,36,3,1,18855.38,5.0,273.51
2331,20240217,12,2,4,38,6,3,25900.16,5.8,484.52
518,20240218,12,1,4,78,19,1,51778.96,3.6,1792.51
1035,20240218,3,2,2,23,2,1,24065.9,2.3,134.94
45,20240219,8,5,4,65,10,2,53728.49,3.9,753.48
387,20240219,4,6,5,66,9,6,39961.86,3.3,418.44
1362,20240219,7,2,1,17,0,0,12031.94,4.9,0.0
1769,20240219,7,1,2,105,3,1,85083.25,2.6,231.42
2312,20240219,10,5,3,82,3,4,134425.11,4.5,109.87
2232,20240220,4,5,1,78,12,6,44526.07,2.6,872.6
899,20240221,7,5,1,89,5,1,70685.83,4.2,220.05
659,20240222,5,4,1,68,6,2,97401.01,2.5,490.48
1022,20240222,10,5,2,60,1,3,108285.09,2.6,45.6
1834,20240222,4,5,3,102,9,9,58277.16,3.4,739.34
1953,20240222,7,4,2,88,6,2,70068.1,3.2,531.28
2025,20240223,4,4,1,83,11,7,48661.07,4.8,699.88
1215,20240224,10,4,4,31,6,0,57846.9,5.0,493.07
1253,20240224,5,3,4,112,12,4,163901.33,3.7,613.57
1911,20240224,7,2,1,49,5,4,37318.79,3.4,474.33
69,20240225,1,6,3,33,3,1,26466.01,3.2,214.73
1027,20240226,6,1,4,45,10,2,88298.53,6.9,397.3
1055,20240226,10,3,5,41,1,0,72275.12,3.4,83.95
127,20240227,6,3,2,114,5,1,234036.13,4.1,344.65
217,20240227,12,1,5,41,2,1,28710.66,4.4,145.63
1588,20240227,1,5,4,16,2,0,13287.29,4.8,84.23
1096,20240228,7,5,4,94,12,6,70105.16,6.1,1138.63
1571,20240228,6,6,3,62,7,0,120037.37,4.7,378.63
439,20240229,3,6,5,116,20,0,106014.46,6.3,1811.63
1851,20240229,6,2,1,97,6,1,209086.22,4.1,355.2
280,20240301,5,4,3,34,0,1,46882.25,5.5,0.0
1361,20240301,3,2,5,95,8,1,96366.06,2.1,641.71
246,20240302,1,3,5,44,1,0,36620.62,2.2,35.11
431,20240302,12,1,2,21,3,0,15024.27,1.6,150.8
678,20240302,10,5,3,39,3,1,69601.9,1.6,154.73
1122,20240302,4,5,3,83,7,2,48913.81,4.3,479.16
1328,20240302,7,6,5,93,9,1,70860.86,2.2,418.49
7,20240303,5,3,5,48,3,1,74451.69,3.1,178.71
881,20240303,2,2,5,44,4,0,56705.81,5.8,160.67
1256,20240303,6,6,1,101,15,3,208320.62,5.0,1331.05
2366,20240303,2,3,5,102,5,2,121752.02,3.1,203.24
753,20240304,3,4,5,41,1,2,39737.14,4.6,42.48
2317,20240304,11,4,3,59,3,1,66236.54,3.3,142.44
196,20240305,2,2,1,68,4,1,82161.93,4.0,195.73
728,20240305,11,2,2,59,5,0,65706.53,3.7,420.06
1543,20240305,12,4,5,101,5,0,67798.02,3.6,421.73
1721,20240305,9,1,4,93,14,1,48128.6,5.1,1248.04
1,20240306,1,4,4,75,12,3,59275.8,5.4,538.89
172,20240306,12,3,1,104,6,4,71942.73,5.4,322.63
695,20240306,11,5,4,97,11,2,115031.52,4.7,568.12
1531,20240306,9,1,3,95,2,0,49668.99,1.4,173.7
1809,20240306,3,1,1,85,5,1,79241.04,3.5,357.01
1931,20240306,3,5,3,87,3,0,90175.07,2.9,196.46
133,20240307,12,6,2,78,12,0,49847.4,5.8,435.75
359,20240307,5,1,1,47,3,0,70543.8,4.0,159.49
826,20240307,10,5,5,117,8,6,198858.03,3.0,683.89
1633,20240307,4,2,5,30,0,4,18611.71,4.0,0.0
2033,20240307,11,3,3,41,4,3,42412.35,3.2,193.39
33,20240308,2,3,3,38,1,1,42524.99,1.9,93.56
910,20240308,12,5,5,94,7,1,59781.46,4.2,657.11
2082,20240308,4,2,2,54,3,2,35724.69,3.8,170.58
2340,20240308,7,2,4,99,17,0,71430.59,5.7,663.04
10,20240309,1,5,5,101,9,2,83124.43,5.1,382.88
581,20240309,9,1,3,101,4,3,54832.27,2.7,173.85
951,20240309,2,6,5,119,17,2,144337.37,5.6,1307.61
1690,20240309,12,1,1,81,4,0,54970.21,3.9,325.36
243,20240310,3,3,3,84,2,1,86334.44,4.0,96.03
376,20240310,4,1,1,35,3,4,23161.09,3.8,234.26
674,20240310,10,2,2,20,1,2,33056.09,3.6,94.93
700,20240310,4,1,2,44,9,3,27150.09,3.2,663.93
791,20240310,1,1,2,26,2,0,22703.68,3.5,161.24
977,20240310,7,3,1,105,8,0,85527.78,3.7,656.65
2266,20240310,10,3,2,47,4,1,76442.54,4.6,266.81
218,20240311,1,4,3,87,6,3,73131.22,4.9,332.93
1842,20240311,4,1,1,95,7,5,58101.76,5.7,483.96
2306,20240311,3,3,2,63,3,1,64707.23,2.4,281.6
87,20240312,3,5,4,88,14,3,80174.33,5.2,1324.54
588,20240313,10,6,3,53,5,4,90329.73,5.0,462.75
1738,20240313,4,6,5,84,15,1,50603.24,5.0,530.21
1788,20240313,3,3,1,105,8,4,105209.73,3.7,738.98
2321,20240313,7,4,2,106,10,0,86121.03,5.9,399.16
891,20240314,5,3,3,106,4,0,147871.96,3.2,302.85
1880,20240314,11,4,2,55,2,1,55998.26,3.1,83.45
580,20240315,6,4,2,45,4,1,93878.11,4.8,182.57
1289,20240315,12,3,3,44,2,0,28665.93,3.8,176.29
1436,20240315,9,5,4,35,4,2,20320.57,6.9,266.36
258,20240316,4,5,4,90,14,5,55037.83,4.8,555.47
1359,20240316,1,5,3,84,7,0,72868.11,2.4,472.56
1450,20240316,3,2,2,44,2,0,44915.69,3.1,104.82
516,20240317,6,4,3,73,3,2,158020.56,4.5,154.6
1166,20240317,4,1,4,98,21,4,60937.71,5.5,1119.14
1730,20240317,6,3,1,37,1,0,76151.12,3.6,52.29
1827,20240317,6,5,5,117,5,1,255012.38,4.4,463.87
2177,20240317,1,5,3,93,5,0,82914.34,2.1,366.54
171,20240318,10,6,4,28,11,1,48216.69,6.5,602.26
460,20240318,6,2,4,17,3,1,35949.77,4.1,178.66
818,20240318,6,2,1,22,2,2,48320.51,3.8,135.89
1855,20240318,5,1,5,120,5,1,180409.43,1.7,284.74
2265,20240318,4,1,1,105,9,3,68509.98,3.8,729.54
322,20240319,9,4,5,31,2,0,17957.24,4.6,184.78
583,20240319,10,3,5,16,0,1,26887.62,2.7,0.0
1227,20240319,10,3,2,77,10,4,134998.31,4.1,356.42
310,20240320,11,2,3,39,5,1,40201.07,3.4,253.65
480,20240320,12,2,2,95,8,2,64617.57,4.7,498.54
1272,20240320,2,5,1,24,2,0,29060.85,4.4,179.39
808,20240321,10,4,2,63,2,5,102826.41,4.8,137.94
1538,20240321,6,1,1,35,5,1,72891.63,4.9,327.17
1816,20240321,12,1,1,103,11,0,67524.49,3.7,870.4
1466,20240322,10,1,1,69,6,1,111989.01,4.6,524.8
1484,20240322,6,2,1,73,3,2,154464.39,6.2,279.53
1489,20240322,2,2,3,19,7,0,23589.53,3.8,269.07
1867,20240322,5,1,5,96,7,0,147922.71,2.0,319.98
2244,20240322,1,6,3,15,1,0,13003.37,3.9,70.62
1579,20240323,7,4,1,114,9,0,85561.01,3.8,424.39
120,20240324,12,4,1,44,0,2,30959.81,2.3,0.0
501,20240324,7,1,3,100,9,1,80242.05,2.4,716.11
873,20240324,8,6,4,92,21,0,78155.59,7.9,1343.12
1216,20240324,6,1,1,32,1,0,68111.76,5.0,44.37
1321,20240324,8,2,3,82,8,1,78204.35,3.3,289.52
365,20240325,3,3,2,83,3,4,86333.23,4.0,118.7
538,20240325,9,4,4,44,10,0,24188.84,4.9,475.03
1020,20240325,4,4,3,44,4,3,28521.52,2.6,348.38
2214,20240325,7,3,1,82,7,1,64208.99,4.2,601.9
2215,20240325,7,3,3,29,2,1,21860.49,4.7,115.16
726,20240326,11,1,4,28,6,0,32135.2,4.9,532.65
198,20240327,9,5,1,109,4,2,61711.88,4.5,163.98
313,20240327,12,6,3,60,8,0,40788.2,6.7,557.89
497,20240327,8,1,3,117,7,1,106498.75,4.0,277.53
778,20240327,4,6,5,109,18,6,67524.33,3.7,851.53
1946,20240327,7,6,1,40,4,0,29943.89,4.7,156.97
2269,20240327,9,4,5,25,0,1,12734.79,3.5,0.0
2364,20240327,3,5,5,72,2,0,66995.23,2.7,174.32
724,20240328,8,6,1,114,9,1,94574.08,4.2,609.8
863,20240328,9,6,1,16,1,0,8854.84,4.9,87.89
946,20240328,10,1,3,102,7,5,173073.59,5.0,537.55
1050,20240328,6,1,5,30,1,1,61666.76,2.2,83.53
1157,20240328,9,2,5,32,1,1,16471.98,3.0,76.34
1343,20240328,12,4,3,83,5,2,52436.09,3.2,320.49
1619,20240329,3,6,4,46,12,0,43619.41,6.1,566.79
1876,20240329,10,6,5,85,17,1,142399.4,4.7,991.2
386,20240330,2,4,1,89,10,1,102026.61,3.0,654.41
418,20240330,11,4,5,89,4,1,95887.15,2.3,181.82
783,20240330,9,5,3,37,2,3,21489.56,2.8,177.22
784,20240330,1,1,3,87,5,2,77219.86,3.6,440.72
436,20240331,7,6,2,66,11,0,52085.0,4.8,940.34
1238,20240331,6,2,5,30,2,1,58661.36,2.9,122.91
1605,20240331,10,5,3,45,1,5,75056.32,5.9,36.7
874,20240401,5,4,2,34,0,1,47694.3,4.5,0.0
1928,20240401,6,4,5,113,5,1,253815.5,3.2,228.23
2080,20240401,7,4,2,36,0,1,26566.18,2.1,0.0
157,20240402,10,1,2,49,3,4,92440.43,3.6,165.75
1610,20240402,2,6,3,73,11,0,93417.34,3.7,979.45
1630,20240402,5,1,2,81,7,2,110180.47,3.4,614.2
18,20240403,4,2,1,61,9,3,40586.97,4.2,551.69
221,20240403,11,6,4,99,22,3,113563.37,8.0,1863.63
759,20240403,9,4,5,117,7,3,63623.47,4.4,624.86
1005,20240403,5,2,3,94,2,0,136701.75,3.8,115.38
1805,20240403,4,3,4,103,20,5,67999.22,6.3,1427.95
74,20240404,3,4,5,22,0,1,20637.69,3.9,0.0
705,20240404,9,4,4,119,19,3,59156.67,7.2,1063.59
945,20240404,7,1,4,78,14,3,55985.75,5.0,1144.59
2006,20240404,11,4,5,95,8,2,112001.53,4.4,725.71
2104,20240404,10,4,5,106,5,5,193368.13,2.5,195.22
434,20240405,7,2,3,68,4,1,51174.42,3.2,348.67
1776,20240405,5,3,1,35,1,0,48952.16,2.6,54.69
2085,20240405,6,1,1,79,3,0,158907.85,2.0,110.64
414,20240406,12,4,4,97,15,4,70046.48,6.3,1107.42
443,20240406,10,6,3,54,5,2,93942.23,2.9,474.03
670,20240406,1,2,3,107,6,2,84239.9,3.4,433.78
1645,20240406,5,1,3,72,4,1,106166.1,2.5,372.28
1926,20240406,5,4,2,93,1,1,133470.7,2.0,67.68
604,20240408,12,4,5,46,5,0,32160.14,4.3,380.09
948,20240408,2,2,1,106,7,2,134523.75,1.4,534.24
1358,20240408,7,4,2,75,4,2,52645.48,2.7,274.63
1819,20240408,7,2,1,80,5,2,63505.0,1.8,196.78
1895,20240408,12,1,2,114,3,1,80639.13,5.1,226.0
2207,20240408,3,4,5,97,10,2,93534.8,5.5,544.86
823,20240409,10,2,5,107,7,6,181294.22,4.1,578.31
682,20240410,10,1,1,80,3,0,135072.59,2.9,242.17
1342,20240410,4,1,5,82,8,7,49930.06,2.6,647.42
1836,20240410,1,1,2,120,9,1,102418.66,3.9,756.79
2234,20240410,3,4,2,99,9,4,103714.9,3.9,722.0
2378,20240410,9,5,1,115,7,1,61736.14,5.4,660.9
721,20240411,8,3,2,118,4,1,96882.0,4.3,206.32
1528,20240411,2,5,5,33,0,0,38136.28,3.7,0.0
2108,20240411,8,1,1,41,2,1,36534.08,4.2,101.94
2210,20240411,6,5,1,64,5,2,144869.2,2.7,289.04
100,20240412,12,4,5,97,3,0,64936.17,4.1,187.43
118,20240412,7,2,5,17,0,0,12975.85,2.2,0.0
241,20240412,3,3,1,119,8,1,112615.26,3.1,308.4
306,20240412,4,4,3,40,2,0,24516.86,2.0,74.01
462,20240412,12,1,3,15,1,0,9485.15,3.3,87.25
620,20240412,9,4,5,103,1,3,56963.96,2.2,60.76
769,20240412,10,2,1,51,3,3,96294.82,3.6,253.99
1445,20240412,12,5,1,37,2,0,25955.8,5.0,163.67
329,20240413,7,5,5,37,5,0,27142.27,3.2,200.08
1090,20240413,9,2,3,46,4,2,25232.92,5.9,362.08
834,20240414,1,2,2,54,1,0,47907.61,4.6,67.93
1187,20240414,6,6,4,15,4,0,32340.69,5.7,353.12
1963,20240414,6,1,4,106,20,1,209359.4,6.5,873.32
256,20240415,7,6,2,66,13,1,53658.43,4.5,950.83
408,20240415,4,5,1,32,0,3,20208.82,5.6,0.0
528,20240415,4,2,2,30,2,2,18920.33,4.7,106.98
1063,20240415,11,4,4,42,9,0,46789.76,4.6,836.57
1612,20240415,11,3,3,73,4,3,81972.62,4.0,274.73
2302,20240415,1,6,1,51,8,0,42403.13,4.8,568.73
522,20240416,10,6,3,32,3,1,52858.53,3.6,206.19
924,20240416,8,4,4,77,10,2,68021.43,5.9,857.17
1935,20240417,12,2,2,103,4,3,75025.57,2.2,239.03
2330,20240417,8,6,3,88,7,2,76380.5,3.9,608.45
457,20240418,7,1,5,92,7,0,67340.64,2.8,607.87
752,20240418,3,3,2,20,1,0,20238.26,3.3,54.57
938,20240418,1,6,5,112,16,0,96408.61,6.5,673.88
975,20240418,9,3,1,79,3,0,41605.53,3.1,278.59
1575,20240418,2,1,3,22,0,1,27953.34,5.4,0.0
1607,20240418,4,5,3,62,10,3,39004.12,2.2,908.94
1524,20240419,6,6,3,53,9,1,112863.96,4.5,527.45
1677,20240419,12,2,2,66,8,1,44684.24,3.9,543.55
1698,20240419,2,6,3,61,5,3,75965.32,4.8,399.67
2063,20240419,8,2,1,108,4,3,102001.36,2.3,303.92
273,20240420,11,2,2,97,6,2,103545.56,3.6,311.49
357,20240420,11,6,5,96,12,0,101635.23,3.6,1018.29
1104,20240420,3,5,3,94,6,1,93856.92,3.4,396.01
1481,20240420,11,1,5,24,2,0,25454.41,5.7,131.06
182,20240421,6,6,1,38,5,1,82499.94,3.7,402.84
1970,20240421,7,2,4,40,6,0,31350.49,4.9,268.62
2008,20240421,3,6,4,74,24,2,75037.31,7.8,1454.83
2013,20240421,5,3,5,108,5,4,153362.98,2.1,248.51
58,20240422,12,4,4,98,16,5,65478.04,4.7,723.73
390,20240422,11,2,3,78,4,1,88007.36,3.4,223.39
536,20240422,3,1,2,52,3,0,51022.64,1.3,237.65
961,20240422,12,1,1,95,5,1,60964.23,3.6,295.08
1046,20240422,9,1,5,106,6,1,54272.9,3.9,289.46
1229,20240422,11,4,3,89,4,4,99866.46,3.3,346.54
1537,20240422,7,4,3,93,4,2,72040.79,3.4,330.04
2222,20240422,12,6,4,116,24,3,73932.3,7.1,2207.89
2308,20240422,7,4,3,19,2,1,14244.27,1.9,180.4
533,20240423,2,3,2,119,5,4,132185.89,3.2,271.72
884,20240423,2,3,4,46,7,2,52541.7,4.8,353.19
1406,20240423,11,6,5,26,4,0,27829.91,3.8,331.62
2249,20240423,4,5,4,47,7,3,30682.38,6.8,453.42
847,20240424,10,6,3,61,13,4,112454.84,5.4,581.39
1655,20240424,1,3,3,80,6,1,66930.41,5.5,255.79
1947,20240424,1,1,4,119,24,5,98558.31,5.5,1117.49
750,20240425,2,5,1,33,3,0,40084.35,3.1,233.06
937,20240425,7,2,5,28,1,0,22006.39,3.3,55.58
1695,20240426,12,2,3,102,8,4,68148.31,5.3,412.28
83,20240427,3,3,4,61,10,3,57195.38,5.1,388.1
178,20240427,6,1,4,56,8,1,114548.74,4.9,666.58
287,20240427,3,5,5,81,5,2,80514.33,3.0,345.37
1854,20240427,5,3,4,83,10,4,114572.97,7.0,602.65
1908,20240427,10,2,4,94,23,1,168794.96,6.3,1362.26
1487,20240428,1,1,1,61,0,2,50516.14,2.4,0.0
1556,20240428,12,3,1,86,7,1,62424.67,3.6,322.82
2095,20240428,4,5,1,107,12,8,67239.11,3.4,816.23
2369,20240428,2,3,2,81,5,1,91965.91,3.5,256.46
1076,20240429,3,1,5,85,3,1,77283.28,2.5,140.61
1778,20240429,9,1,2,96,7,3,49018.8,2.6,643.29
1936,20240429,6,4,1,80,3,1,163798.36,4.6,111.34
41,20240430,5,5,3,52,3,0,79083.08,3.3,159.36
350,20240430,12,4,4,76,14,3,49449.91,5.0,1299.04
623,20240430,5,1,1,59,6,1,88190.42,1.4,556.27
1596,20240430,5,1,4,58,8,1,78633.54,4.0,285.0
1637,20240430,9,5,2,117,6,2,62309.13,5.1,281.38
1850,20240430,5,4,4,99,16,5,134442.44,7.3,1392.39
1941,20240430,1,1,3,101,6,4,86962.05,4.9,449.92
187,20240501,5,6,4,70,18,2,107931.82,6.4,1582.09
467,20240501,4,4,3,97,14,7,57114.23,1.8,797.25
532,20240501,9,5,2,69,4,2,34912.61,3.1,368.31
1078,20240501,7,2,4,102,20,6,78656.62,5.9,1111.04
168,20240502,8,3,3,51,3,1,45761.13,3.3,182.19
703,20240502,1,1,2,30,2,1,24690.99,3.9,106.13
2200,20240502,9,6,4,21,4,1,11860.11,6.9,164.36
2297,20240502,1,1,2,71,3,2,59206.4,3.5,216.96
2328,20240502,11,2,3,47,1,1,52974.01,3.3,94.29
685,20240503,5,4,5,74,7,2,113662.73,2.6,632.57
262,20240504,10,4,5,95,3,1,158851.09,4.6,267.3
1193,20240504,12,5,5,47,6,0,33518.15,3.1,416.39
704,20240505,6,5,5,24,0,0,50294.91,4.7,0.0
1433,20240505,10,1,3,80,4,0,149022.31,2.8,140.76
2051,20240505,11,3,4,67,12,1,70707.7,4.3,919.31
2103,20240505,12,5,3,104,2,2,75124.6,2.3,106.03
908,20240506,2,2,3,100,7,1,122190.49,4.0,250.62
1032,20240506,10,1,2,56,2,3,94345.61,3.8,110.45
1616,20240506,2,1,2,78,6,0,95660.96,3.4,435.92
411,20240507,7,1,1,84,9,4,59547.05,3.7,604.17
544,20240507,3,3,2,51,0,0,51868.05,3.9,0.0
259,20240508,9,2,1,53,3,0,28971.46,3.5,277.0
761,20240508,2,3,2,62,4,1,70703.18,3.5,310.13
2147,20240508,8,3,5,65,2,1,61030.09,2.1,93.58
2248,20240508,1,3,4,47,7,2,37709.96,6.3,634.69
2368,20240508,1,5,3,50,3,0,45848.41,1.9,206.76
2370,20240508,1,6,5,85,8,1,76295.27,5.2,711.45
230,20240509,1,2,5,49,3,0,44949.06,4.3,252.97
661,20240509,3,6,4,34,10,1,32199.08,6.3,548.14
1174,20240509,4,1,1,24,1,0,13865.64,1.8,44.61
1405,20240509,1,1,1,79,5,0,65295.42,3.8,238.95
1883,20240509,3,5,1,18,1,0,17536.37,4.5,88.26
2032,20240509,2,2,2,99,0,1,114449.37,1.8,0.0
2275,20240509,10,5,1,75,6,4,137165.68,5.5,526.96
1702,20240510,12,6,5,108,13,2,74343.85,6.3,1177.13
251,20240511,11,3,4,35,8,0,37999.87,6.6,694.13
392,20240511,2,6,4,38,9,1,46677.79,6.8,403.98
1886,20240511,10,1,5,98,7,4,161781.93,1.9,284.35
2381,20240511,11,3,3,83,4,0,86676.07,4.7,184.56
349,20240512,5,3,3,112,10,1,153209.57,3.5,736.75
469,20240512,11,5,2,47,3,2,50209.16,3.7,284.14
564,20240512,1,6,5,76,10,1,61206.65,4.8,416.59
1106,20240512,11,1,3,84,4,2,90996.6,3.3,286.76
23,20240513,2,6,2,36,2,0,44229.95,5.9,72.02
635,20240513,2,4,5,101,7,2,116128.28,3.0,646.71
1639,20240513,4,1,4,118,31,9,74825.77,7.8,2775.09
1929,20240513,1,1,1,102,6,3,81142.56,5.0,250.73
912,20240514,5,6,5,107,16,0,163656.83,4.0,1255.97
2385,20240514,11,2,4,87,15,1,89493.82,5.2,1263.68
1432,20240515,3,4,4,118,10,5,123361.16,4.8,874.2
1663,20240515,8,2,5,91,5,3,84600.41,5.4,364.03
1798,20240515,2,3,5,105,4,2,130794.62,4.3,290.41
1891,20240515,1,3,3,68,2,0,55870.38,4.5,114.58
1345,20240516,3,1,1,79,4,3,80792.81,2.9,225.97
1960,20240516,12,6,1,24,4,0,16131.86,4.7,379.89
253,20240517,12,6,5,105,13,1,74131.85,7.0,989.43
1326,20240517,12,2,2,26,1,0,16500.81,1.9,70.7
1534,20240517,9,1,3,85,5,1,42910.25,2.6,437.18
72,20240518,2,6,1,102,8,1,132106.35,5.6,535.47
1651,20240518,4,5,2,108,7,6,69174.6,2.1,474.75
2071,20240518,5,1,5,39,2,1,59037.66,2.2,146.18
1523,20240519,6,1,4,42,5,3,83692.94,4.9,248.45
523,20240520,2,5,5,91,14,1,106417.18,3.6,703.66
1113,20240520,2,5,3,81,8,3,102120.5,4.3,293.41
1178,20240520,11,1,1,63,2,1,69489.92,2.9,76.39
2220,20240520,11,2,2,29,1,1,32449.67,4.2,45.49
2392,20240520,12,6,1,54,3,0,35985.06,5.9,136.95
888,20240521,3,2,5,42,3,0,39202.14,3.2,116.9
52,20240522,11,5,3,57,3,0,66672.44,4.7,163.04
543,20240522,10,4,5,58,5,3,101769.14,3.7,306.24
1115,20240522,4,4,1,49,6,2,31194.57,3.1,297.45
398,20240523,7,6,3,52,4,0,41008.96,4.3,249.07
993,20240523,10,3,2,44,4,2,79919.57,1.0,295.59
1770,20240523,9,2,5,59,1,2,32517.9,5.4,83.07
838,20240524,12,3,1,46,3,0,32420.35,1.3,162.61
1787,20240524,4,4,4,72,13,4,46573.1,6.6,650.08
2094,20240524,4,5,5,114,8,6,68081.24,2.8,411.76
1704,20240525,1,4,5,62,2,0,54422.28,3.9,158.41
102,20240526,2,4,2,36,1,1,41439.73,2.9,39.29
426,20240526,11,3,3,36,2,0,40703.12,3.2,153.28
1085,20240526,5,1,4,80,11,2,108715.65,3.7,946.84
9,20240527,6,3,3,65,5,1,138362.28,1.7,415.53
224,20240527,12,3,4,64,7,1,40180.6,4.6,266.97
653,20240527,10,6,2,83,10,6,134125.07,4.3,731.41
664,20240527,2,2,3,33,3,0,39171.02,1.5,195.15
872,20240527,5,4,2,81,3,1,108152.85,4.0,160.21
1364,20240527,8,1,2,15,0,0,13278.0,5.1,0.0
1796,20240527,6,3,3,110,6,2,236480.5,2.3,556.63
2349,20240527,11,2,5,33,4,0,37907.23,4.1,302.61
339,20240528,6,1,2,80,8,1,162421.1,4.1,389.18
2116,20240528,10,6,1,69,8,3,116568.91,3.7,699.29
1740,20240529,7,1,2,103,8,1,73057.05,4.1,595.83
1474,20240531,6,6,1,46,6,1,103456.82,4.6,295.29
1872,20240531,7,3,1,115,7,1,84712.39,4.4,326.24
1940,20240531,7,3,3,94,7,0,68075.33,5.1,391.72
735,20240601,9,1,4,46,8,1,23505.25,5.8,508.83
1072,20240601,9,3,1,97,8,1,52470.39,2.5,329.36
2360,20240601,9,1,4,85,13,1,48306.05,5.5,786.64
1745,20240602,2,2,1,87,6,0,99382.39,4.9,405.79
1989,20240602,5,2,3,110,11,4,150519.4,4.3,872.41
2277,20240602,7,5,2,82,4,1,67242.83,2.5,320.71
1988,20240603,1,1,2,27,2,1,23515.15,4.3,86.31
1710,20240604,4,1,3,45,4,2,26819.55,4.3,176.06
142,20240605,12,3,2,60,2,0,43654.3,1.8,127.71
1395,20240606,11,2,1,47,2,0,49683.33,3.4,90.39
1582,20240607,2,2,2,60,4,1,72744.82,4.0,258.43
964,20240608,10,1,2,47,3,2,83436.32,4.1,131.42
2194,20240608,9,5,3,27,2,0,15483.25,2.7,152.19
903,20240609,8,2,1,84,7,1,73884.34,6.2,279.95
1355,20240609,1,1,5,25,0,0,21981.89,1.7,0.0
2358,20240609,2,5,2,31,1,0,34359.77,3.6,48.76
2394,20240610,4,6,1,76,14,3,49914.3,3.0,1267.99
1257,20240611,7,1,5,83,2,1,63172.31,1.0,82.28
1839,20240611,10,5,5,118,5,0,207042.14,5.2,279.19
2299,20240611,4,2,5,96,10,6,56354.83,5.1,876.45
363,20240612,5,2,3,96,5,1,141168.87,2.6,266.21
2241,20240612,11,4,3,71,3,3,80858.36,5.0,180.14
976,20240613,7,6,4,73,20,1,54252.01,6.3,1053.68
78,20240614,3,3,5,28,1,0,25709.37,3.5,64.83
2315,20240614,1,4,4,24,6,1,21860.28,5.9,520.72
32,20240615,7,1,4,16,2,1,11828.56,3.2,142.33
567,20240615,3,1,5,53,5,1,54540.71,4.6,439.19
1512,20240615,12,2,4,108,19,2,75492.79,6.0,1037.22
412,20240616,4,1,1,61,7,7,35738.06,4.3,376.3
1503,20240616,7,1,5,118,9,2,87907.91,3.6,716.68
326,20240617,8,5,1,66,3,0,54836.56,2.0,223.94
1479,20240617,3,1,3,93,9,0,97711.71,2.7,513.32
1545,20240617,2,2,3,87,2,0,98651.6,1.8,122.04
1656,20240618,5,2,1,96,3,2,145797.69,3.1,172.67
486,20240619,2,4,4,48,3,2,56992.63,5.7,137.58
626,20240619,8,2,5,94,4,0,77959.72,3.3,185.65
1112,20240619,7,3,1,113,9,0,92550.08,2.8,500.41
1291,20240619,5,2,3,65,2,0,92622.67,5.1,157.98
1877,20240619,1,5,4,21,6,2,18057.96,5.0,258.42
2175,20240619,9,2,2,65,4,1,35099.99,5.2,266.84
148,20240620,8,4,2,76,4,1,66378.55,2.7,264.07
1288,20240620,12,3,3,93,5,1,63242.79,3.8,268.69
1386,20240620,7,6,1,40,2,0,28685.14,6.4,187.92
1817,20240620,6,3,2,97,5,2,219469.5,2.9,392.47
2209,20240620,11,6,2,102,20,0,114090.67,6.3,703.35
2293,20240620,12,3,3,32,1,0,21884.08,5.1,68.04
327,20240621,2,2,2,75,3,1,94176.67,5.0,170.82
637,20240621,10,3,2,115,6,1,212496.96,4.5,483.65
719,20240621,1,4,1,23,1,2,18157.92,3.1,93.9
1609,20240621,3,4,4,71,13,2,72709.71,3.9,459.4
510,20240622,5,3,4,101,13,3,147876.52,5.2,477.08
566,20240622,8,1,4,59,10,3,53614.95,7.0,679.54
1308,20240622,10,5,3,33,1,2,57330.89,3.2,44.24
189,20240623,12,6,2,86,12,0,60492.37,6.6,1119.35
854,20240623,5,3,4,29,3,1,40937.35,5.5,118.48
1265,20240623,7,3,3,100,7,5,81648.38,3.5,280.54
97,20240624,10,6,2,60,4,0,98349.15,6.2,140.68
593,20240624,3,5,4,16,2,1,16131.05,6.7,90.98
1047,20240624,4,1,3,52,4,3,29960.9,4.3,297.53
2182,20240624,12,4,3,117,6,1,78216.3,3.5,471.83
384,20240625,11,6,2,105,12,2,123632.07,5.8,972.24
832,20240625,3,4,3,62,3,0,60633.78,5.4,155.86
1251,20240625,2,3,3,29,2,1,34459.57,3.2,189.32
1402,20240625,7,6,3,33,4,0,25159.2,4.2,156.46
1542,20240625,4,6,2,30,6,1,19493.18,5.8,324.68
1506,20240626,10,3,4,52,9,2,93264.77,7.0,707.34
315,20240627,7,2,2,70,5,0,52034.3,2.6,313.04
1107,20240627,11,3,3,81,3,0,90621.27,4.6,259.75
1124,20240627,3,6,2,23,2,0,22151.42,4.2,121.6
1709,20240627,7,5,2,54,5,0,39107.77,3.4,415.88
1786,20240627,7,4,5,71,4,0,53996.86,2.4,334.08
1811,20240627,2,3,3,24,1,0,29734.15,1.9,36.54
1906,20240627,10,1,1,95,6,5,162131.32,3.9,279.68
2162,20240627,6,3,5,48,2,1,100620.1,4.5,72.4
2253,20240627,4,5,4,68,11,4,40429.38,4.9,990.16
119,20240628,2,6,3,73,13,1,89742.71,5.2,602.56
831,20240628,11,3,2,76,9,3,78804.13,2.5,743.72
857,20240628,3,5,4,52,5,1,54988.82,5.4,221.64
1013,20240628,3,2,5,18,3,0,18273.22,3.0,153.66
1454,20240628,5,4,1,47,4,1,70374.38,4.2,231.62
1892,20240628,12,5,2,22,1,0,14989.9,5.7,49.97
989,20240629,4,4,1,114,10,10,72099.2,2.1,656.58
1515,20240629,10,6,3,74,11,2,130186.74,4.6,475.02
2100,20240629,5,5,3,98,7,0,148599.59,2.9,581.56
508,20240630,12,5,2,27,3,0,18077.2,3.9,189.41
925,20240630,6,2,4,57,13,0,123386.26,4.6,1004.91
1563,20240630,8,5,4,72,15,0,68149.14,4.5,991.51
1904,20240630,1,1,4,55,10,1,44776.8,4.8,720.05
568,20240701,3,4,3,20,2,1,18567.29,5.1,174.29
617,20240701,7,3,3,76,3,2,61845.37,3.0,156.31
2237,20240701,10,1,1,99,5,3,186823.08,4.6,394.64
483,20240702,7,5,5,38,4,0,27885.2,4.6,352.9
1413,20240702,9,4,2,18,2,0,9051.58,4.4,104.38
1818,20240703,5,4,4,21,4,1,31532.4,5.5,326.94
2399,20240703,5,2,3,52,1,0,69370.39,3.7,58.26
696,20240704,10,2,1,66,5,3,116116.83,3.5,285.74
1562,20240704,11,6,3,89,10,0,105568.2,4.6,776.9
1660,20240704,8,3,1,47,3,1,39323.57,5.7,109.84
1852,20240704,5,6,3,108,12,2,150779.75,7.0,1098.64
1942,20240704,6,6,2,99,14,1,219336.99,4.3,1261.54
919,20240705,4,1,3,70,10,3,43732.48,3.3,484.59
1307,20240705,2,1,3,109,6,2,120699.06,2.8,283.77
1425,20240705,8,3,2,24,0,0,21393.52,6.2,0.0
2126,20240705,6,1,3,83,5,0,162503.12,2.1,348.85
346,20240706,5,5,4,48,8,2,65248.22,5.2,366.89
933,20240707,3,6,4,92,23,4,96050.52,7.7,1190.21
2079,20240707,11,4,5,23,2,0,26058.98,4.0,100.34
2188,20240707,4,4,5,104,13,3,64213.18,4.4,461.91
2346,20240707,4,2,1,71,3,4,44093.72,4.8,265.16
1179,20240708,11,2,5,45,2,0,47388.28,3.8,145.01
1804,20240708,2,2,3,25,2,0,30628.85,4.5,137.2
211,20240709,12,6,1,119,9,0,78181.88,6.3,646.78
1502,20240709,12,1,1,45,3,1,31424.88,2.6,214.26
380,20240710,1,3,4,25,5,2,21654.98,6.7,302.09
209,20240711,7,5,3,30,0,1,24087.48,3.5,0.0
1297,20240711,4,5,5,92,11,4,58036.18,4.8,1024.42
1459,20240711,4,5,2,108,12,7,66625.71,3.0,494.38
1621,20240712,2,4,3,79,2,5,87380.82,4.5,183.31
1701,20240712,2,1,1,119,8,3,151616.93,2.7,630.53
1882,20240712,11,3,1,91,2,0,94003.06,3.7,175.79
206,20240713,10,6,3,34,5,1,57965.63,4.9,184.6
618,20240713,3,2,3,69,6,0,70019.05,3.0,307.06
1261,20240713,7,3,4,17,0,1,13528.26,7.5,0.0
292,20240714,8,3,4,99,21,4,81668.56,5.6,1439.29
1429,20240714,9,1,2,52,4,0,29993.78,3.0,377.16
1673,20240714,11,3,5,69,4,2,78194.97,4.1,249.21
2301,20240714,11,3,5,111,6,2,126357.15,3.5,529.38
509,20240715,2,1,3,72,2,1,87591.04,3.3,75.65
1011,20240715,1,5,4,53,10,4,48639.54,5.7,827.46
1123,20240715,10,4,4,18,8,1,30739.22,5.4,489.32
2333,20240715,10,5,3,22,2,1,41153.04,3.8,120.92
744,20240716,7,5,1,81,5,0,62439.04,2.5,305.84
890,20240716,3,2,3,63,1,1,58776.12,3.2,93.63
2238,20240716,6,4,3,107,3,2,241798.24,4.6,150.68
779,20240717,3,3,3,48,2,0,49023.69,3.8,127.14
216,20240718,9,6,4,27,4,0,13731.66,5.8,223.28
1640,20240718,5,2,3,22,1,0,31552.4,4.7,65.42
505,20240719,8,2,5,66,1,2,62268.53,2.5,91.01
1322,20240719,7,4,5,87,6,1,71385.92,3.2,550.45
1491,20240719,7,3,2,76,2,3,58952.46,3.4,154.03
281,20240720,2,2,4,57,11,3,70683.25,4.5,971.22
2106,20240720,5,1,1,17,1,0,23912.68,4.4,47.72
39,20240721,11,6,2,110,12,1,123619.42,3.5,933.08
111,20240721,3,6,5,28,1,2,28108.32,5.7,35.77
143,20240721,12,6,5,71,6,1,51831.8,3.9,360.78
950,20240722,10,1,1,55,1,1,98124.38,2.5,35.4
1192,20240722,4,3,3,58,8,4,33912.84,3.6,468.32
1794,20240722,1,5,3,28,1,0,25539.8,4.7,81.88
2045,20240722,9,2,4,65,17,0,36767.87,2.9,964.61
413,20240723,3,3,3,84,3,1,76940.34,3.3,106.05
152,20240724,4,1,5,73,10,6,48323.23,5.0,610.48
314,20240724,7,1,2,106,6,0,76252.68,1.9,233.21
399,20240724,9,4,1,74,3,0,37531.31,4.6,162.65
1028,20240724,11,5,3,82,0,1,84813.59,3.9,0.0
1551,20240724,5,3,2,15,0,0,22165.9,2.8,0.0
1999,20240724,1,3,1,75,7,0,65332.47,3.3,356.63
2000,20240724,8,4,2,56,2,1,46674.42,2.0,155.19
2109,20240724,4,1,4,60,11,6,35924.9,5.9,1028.12
2111,20240724,4,4,4,81,19,5,53652.14,5.8,917.01
2311,20240724,4,1,2,37,3,1,21341.64,2.9,163.8
573,20240725,8,3,3,69,5,0,57140.61,3.6,196.56
1917,20240725,12,4,2,60,3,1,39055.93,2.9,192.14
814,20240726,12,2,3,20,1,2,13245.36,4.6,65.17
1382,20240726,3,6,1,48,4,1,47970.49,4.8,338.74
1410,20240726,8,4,1,107,3,2,97891.64,1.7,265.54
2110,20240726,12,6,3,19,5,0,12485.52,5.1,322.7
299,20240727,2,6,3,84,9,1,94258.8,4.7,560.95
534,20240727,6,6,3,81,7,0,163146.43,6.4,511.81
1209,20240727,8,1,1,27,3,1,22310.54,3.7,156.45
450,20240728,5,4,4,82,13,1,113955.47,4.2,936.16
1993,20240728,1,6,5,85,10,1,73772.85,4.9,627.59
2193,20240728,1,2,3,46,3,0,38346.28,3.0,140.02
2219,20240728,8,3,1,96,8,1,84663.15,2.0,382.88
96,20240729,3,3,2,84,4,1,76034.23,3.8,370.08
481,20240729,1,5,2,28,2,0,22189.6,1.6,169.51
660,20240729,4,6,5,118,17,7,74947.97,6.7,1355.62
855,20240729,3,2,4,20,2,1,20086.14,6.9,74.47
1230,20240729,10,2,3,92,4,2,167956.05,3.9,204.3
495,20240730,4,6,4,100,28,6,65731.3,5.9,2548.34
841,20240730,3,5,5,67,3,0,66803.03,3.7,215.14
1483,20240730,7,4,1,85,7,3,61519.0,1.0,630.51
2041,20240730,4,2,2,68,7,5,40288.08,3.3,528.13
2186,20240730,8,6,4,69,17,0,62664.53,5.8,1492.11
2229,20240730,10,3,3,81,3,2,138372.69,4.9,138.24
2398,20240730,2,6,5,106,14,0,133874.17,4.6,792.93
342,20240731,2,1,5,81,4,1,91633.04,3.8,140.74
1561,20240731,12,4,5,64,3,3,44367.52,5.3,117.57
2197,20240731,11,3,2,62,2,2,68685.22,3.4,178.69
1114,20240801,2,1,5,78,4,2,98015.04,3.9,318.46
154,20240802,3,1,2,38,1,1,39907.42,3.4,78.11
1451,20240802,9,5,5,105,7,0,52387.75,5.0,643.27
271,20240803,10,6,4,83,19,2,141233.22,5.9,903.41
796,20240803,3,3,3,51,3,0,51689.89,3.4,173.08
1646,20240803,1,5,4,83,12,5,74050.09,6.1,434.1
1820,20240803,2,1,2,80,4,2,100127.4,4.8,262.3
2255,20240803,2,6,2,92,10,2,111570.26,5.1,807.51
419,20240804,2,1,2,101,6,1,124091.4,3.4,221.68
1338,20240804,7,5,4,69,11,2,51470.31,6.3,1027.2
1581,20240804,6,2,3,58,5,1,118350.77,4.4,314.96
1862,20240804,3,6,4,44,12,0,41045.19,6.3,934.37
1907,20240804,9,1,3,50,2,0,25936.55,2.0,187.55
638,20240805,2,1,4,20,0,0,23313.58,5.4,0.0
1239,20240805,1,3,2,19,0,0,16935.44,5.0,0.0
2273,20240805,3,4,4,17,2,0,17638.04,3.8,134.31
353,20240806,7,2,3,21,1,0,14773.53,3.0,94.96
971,20240806,12,2,5,98,10,4,68228.69,2.4,564.26
1316,20240806,4,1,3,83,9,8,47932.3,3.7,538.67
1400,20240806,1,2,4,42,6,1,36432.35,5.6,357.02
263,20240807,2,4,2,106,3,2,124049.22,3.0,208.87
442,20240807,9,6,4,112,22,4,63592.92,5.5,1039.45
1403,20240807,10,2,2,82,1,5,146561.87,1.8,82.43
190,20240808,5,6,4,88,21,4,128843.72,5.2,1558.53
307,20240808,9,5,1,108,8,1,57030.28,2.6,379.89
802,20240808,11,6,4,42,13,0,43910.02,6.7,1100.26
928,20240808,3,1,3,108,5,2,111902.04,2.9,213.44
1367,20240808,9,2,4,113,24,1,62118.63,6.8,1985.12
1476,20240808,8,1,1,79,4,0,70663.12,2.0,349.67
1601,20240808,4,4,4,119,26,4,72556.8,6.5,1879.41
1823,20240808,10,5,4,109,14,7,193308.23,3.0,1147.62
2021,20240809,9,5,1,101,5,1,55784.44,2.9,450.36
2052,20240809,4,4,4,31,10,2,20549.85,4.6,478.97
136,20240810,12,4,1,40,1,0,26664.19,4.4,74.31
952,20240810,12,2,3,95,7,2,66344.69,4.3,355.11
1155,20240810,5,5,3,93,10,2,126827.84,3.9,740.87
1838,20240810,2,1,4,25,6,0,30333.32,7.9,422.25
2089,20240810,8,1,2,30,0,0,28097.65,4.6,0.0
226,20240811,7,1,5,56,1,0,42516.54,4.0,43.25
1105,20240811,1,2,2,71,4,0,63370.71,3.6,149.26
1391,20240811,2,6,3,52,8,0,61227.69,4.4,420.37
2187,20240811,3,4,4,71,14,2,66442.41,3.3,1175.98
1186,20240812,3,2,3,118,5,3,123744.92,4.5,416.28
1779,20240812,6,1,4,26,3,1,51791.76,7.0,115.91
2127,20240812,1,3,1,88,5,1,75962.68,3.4,423.23
239,20240813,2,6,3,25,5,2,29175.95,4.8,367.84
2309,20240813,10,2,5,70,3,2,114612.22,5.1,241.86
2355,20240813,3,3,3,53,1,1,51453.64,2.8,74.95
333,20240814,12,3,5,16,1,0,11628.37,4.5,49.7
400,20240814,5,6,2,80,3,0,119121.68,6.6,225.38
526,20240814,3,3,4,47,7,1,48491.81,5.5,348.8
1060,20240815,5,5,5,51,2,0,77942.07,4.1,116.83
88,20240816,1,4,1,60,2,0,49299.74,5.0,116.3
749,20240816,12,2,3,93,4,1,66883.86,3.0,255.54
1462,20240816,8,3,1,51,6,0,46997.83,3.9,447.07
1821,20240816,2,1,4,72,9,2,87561.43,5.5,456.36
447,20240817,11,4,3,64,5,3,70723.56,3.3,460.63
748,20240817,11,1,1,19,0,0,19674.84,3.3,0.0
1014,20240817,2,6,4,120,26,2,147312.93,8.6,1705.62
1034,20240817,5,2,3,19,0,0,27660.85,3.4,0.0
309,20240818,9,2,4,81,16,1,43879.69,5.2,641.56
368,20240818,12,2,2,32,4,0,20269.27,3.0,185.7
799,20240818,12,5,1,37,3,2,23660.71,3.4,275.59
338,20240819,3,4,4,18,5,0,17151.39,6.3,390.51
968,20240819,4,2,2,55,8,6,33429.31,3.4,517.88
988,20240819,9,4,1,85,3,1,47487.81,3.2,149.04
1177,20240819,8,6,1,57,6,0,53863.46,5.0,404.98
1604,20240819,6,6,4,22,7,0,46404.62,5.1,386.69
2167,20240819,9,6,2,90,11,3,47585.23,4.8,652.97
525,20240820,6,6,5,111,8,4,216101.65,4.2,422.55
554,20240820,6,3,1,66,6,1,139015.92,3.8,297.22
1576,20240820,9,6,1,46,2,0,25952.82,5.3,146.11
1586,20240820,5,4,3,76,5,1,114622.65,4.8,361.24
2272,20240820,9,5,4,73,10,4,36370.16,4.5,554.8
1435,20240821,2,5,5,66,3,1,75981.05,3.4,210.16
1439,20240821,12,6,4,80,22,1,51988.22,7.3,1806.75
1527,20240821,7,1,5,43,1,0,32999.44,4.2,39.15
1756,20240821,3,4,2,76,4,1,75741.92,4.0,183.8
2016,20240821,6,2,2,103,5,0,209150.84,3.7,176.72
167,20240822,10,2,4,52,9,4,89611.39,6.2,640.11
321,20240822,8,5,1,38,1,1,31532.09,4.5,69.69
403,20240822,12,6,2,70,11,1,45029.83,2.7,614.73
595,20240822,10,4,1,110,5,4,199163.7,3.3,427.57
2130,20240822,7,5,3,86,7,1,65084.46,4.2,316.85
2271,20240822,2,2,2,39,3,1,44877.07,3.0,254.13
1404,20240823,1,2,4,68,16,2,56982.67,5.4,1352.48
1504,20240823,1,4,1,21,3,0,17334.96,2.5,260.12
1950,20240823,5,4,5,38,4,0,55754.8,3.2,373.0
2152,20240823,1,3,1,65,4,2,58929.98,2.9,195.81
2292,20240823,1,3,1,43,3,1,35907.49,4.8,269.83
607,20240824,8,5,2,107,1,0,90475.48,4.5,83.47
2283,20240824,9,5,1,81,3,1,45340.96,3.3,273.94
1249,20240825,12,2,5,112,7,3,71775.48,3.3,554.52
1388,20240825,1,6,3,49,5,0,42676.57,3.9,417.59
2083,20240825,11,5,1,114,9,2,132403.37,2.7,793.77
66,20240826,3,4,3,87,8,1,87920.26,2.8,546.21
2092,20240826,3,3,5,109,3,3,108953.45,4.9,175.78
2307,20240826,6,1,1,103,11,2,203387.09,4.9,747.21
632,20240827,4,2,2,113,15,7,70222.24,3.4,992.89
2151,20240827,1,5,4,26,6,0,22222.28,6.6,532.58
2347,20240827,10,6,1,65,4,1,109169.35,4.9,339.77
646,20240828,11,3,2,60,6,4,68008.04,3.6,499.52
1095,20240828,12,4,1,94,5,0,61422.51,3.0,219.56
1915,20240828,10,6,3,94,7,4,170635.33,5.0,306.91
77,20240829,7,3,2,101,7,3,80192.36,2.3,575.07
254,20240829,5,6,5,37,4,0,51208.58,4.1,231.33
1514,20240829,7,1,5,47,5,1,37684.8,3.5,207.08
2069,20240829,11,5,4,80,13,2,82620.95,4.6,1145.53
294,20240830,6,6,2,78,18,0,152055.49,4.4,687.12
1145,20240830,1,2,2,102,8,2,85748.19,2.8,597.56
1777,20240830,4,1,4,117,27,10,72179.45,4.5,972.36
738,20240831,6,6,3,28,4,0,62018.88,4.7,299.21
1069,20240831,7,6,1,57,5,0,44075.08,5.4,359.02
1494,20240831,3,5,4,117,17,3,123831.83,4.1,1341.77
1511,20240831,3,3,2,45,3,0,43981.61,3.3,203.76
1905,20240831,9,6,2,45,8,0,22961.49,3.6,476.65
169,20240901,5,1,1,89,4,3,137023.12,3.0,160.06
487,20240901,12,2,1,73,10,0,47484.17,1.3,497.45
1030,20240901,4,3,4,51,8,4,32025.92,5.4,457.96
2160,20240901,8,4,5,44,1,1,40988.7,3.1,72.75
371,20240902,8,4,4,36,7,1,34380.9,4.4,511.28
2204,20240902,10,4,3,17,1,0,30155.38,3.1,44.15
2367,20240903,7,4,2,79,2,2,57428.11,2.9,181.22
199,20240904,12,5,1,90,5,0,56705.43,3.9,374.44
627,20240904,2,5,2,51,4,0,64984.83,4.8,308.75
1142,20240904,7,3,5,30,3,0,21650.78,2.1,262.52
1176,20240904,9,4,1,35,4,0,18144.76,5.6,326.21
1771,20240904,5,6,4,103,31,1,143361.15,6.8,1848.14
2323,20240904,12,4,5,23,0,3,14885.52,3.1,0.0
1160,20240905,6,6,5,102,14,0,222897.72,5.2,1217.63
1782,20240905,5,3,3,72,4,0,106679.43,3.9,316.48
1900,20240905,2,3,2,117,11,2,144839.97,3.4,773.61
1330,20240906,8,3,4,20,3,3,17308.48,3.5,196.44
1974,20240906,10,4,3,108,9,5,183874.56,2.9,548.56
197,20240907,7,5,3,81,7,1,65588.97,5.5,644.24
991,20240907,4,5,2,119,13,6,69954.63,4.6,544.77
1372,20240907,4,2,1,111,12,9,73781.91,2.2,488.25
1711,20240907,1,2,2,116,5,3,101790.42,2.8,189.1
1978,20240907,4,3,4,101,20,9,58614.52,4.0,805.88
2030,20240907,12,2,2,70,4,0,44168.76,5.5,337.15
2074,20240907,2,2,2,107,1,1,134560.27,3.1,67.45
2327,20240907,2,6,5,31,4,1,34964.01,5.1,331.8
1357,20240908,8,1,5,70,5,0,67091.51,5.0,188.99
1647,20240908,6,2,2,32,3,1,66657.34,2.8,233.63
1793,20240908,9,3,5,33,3,2,18525.06,3.3,170.33
268,20240910,12,1,3,41,4,0,29950.33,3.3,200.23
1236,20240910,6,1,1,116,7,2,252268.58,2.9,439.26
1383,20240910,2,2,2,112,9,2,132034.64,3.8,814.73
1407,20240910,2,5,2,64,2,2,72478.52,5.4,113.37
1592,20240910,10,3,3,82,5,2,133670.56,4.3,176.1
139,20240911,7,2,1,112,4,0,90965.89,4.4,373.52
1312,20240911,12,3,1,71,3,0,49295.77,3.8,124.67
1757,20240911,9,1,4,45,7,2,23351.43,4.7,315.96
979,20240913,11,5,4,68,17,1,75159.82,6.0,1095.58
1363,20240913,7,2,5,24,0,0,17017.48,3.0,0.0
2282,20240915,3,6,2,88,8,2,86048.37,4.1,601.83
44,20240916,3,2,2,44,8,0,44545.69,4.4,512.02
1831,20240916,1,3,2,57,4,0,47979.51,3.1,295.12
521,20240918,4,2,1,74,6,4,48521.22,2.7,417.2
1685,20240919,7,5,1,81,6,2,60944.3,3.1,526.68
1699,20240919,10,2,4,44,7,3,71830.02,4.1,453.59
1927,20240919,11,6,5,51,8,2,57437.63,3.4,393.8
765,20240920,2,1,1,77,4,0,95849.29,2.2,230.93
998,20240920,12,4,4,42,8,1,29765.59,6.1,333.75
194,20240921,2,4,2,38,2,1,44503.31,1.9,117.41
1572,20240921,12,1,5,115,2,2,74220.53,3.2,79.84
1925,20240921,12,2,1,51,3,0,35587.26,2.9,190.51
2053,20240921,6,5,2,65,4,2,139352.93,2.4,370.8
301,20240922,11,4,5,76,3,1,85106.39,2.3,217.78
1773,20240922,7,1,2,95,5,2,71066.48,3.8,261.57
2145,20240922,6,5,5,76,3,1,160006.14,3.6,171.5
2191,20240922,9,4,2,89,9,1,45678.96,3.9,638.31
53,20240923,2,1,4,103,20,1,119109.76,5.8,1493.77
746,20240923,7,6,3,103,13,1,75479.52,4.0,1224.61
1052,20240923,1,4,1,30,0,0,24435.48,3.2,0.0
201,20240924,11,2,4,90,14,6,106422.09,6.0,1039.49
630,20240924,11,6,2,27,6,0,30750.45,4.2,525.03
1138,20240924,2,4,3,102,6,5,123182.55,2.0,514.53
1360,20240924,7,2,4,120,24,4,86410.25,5.7,1344.12
2056,20240924,1,6,2,41,6,0,36441.62,5.4,354.51
2201,20240924,12,6,3,36,5,1,24412.2,4.1,203.34
63,20240925,6,6,4,25,4,0,50547.93,6.5,371.18
393,20240925,9,3,3,112,8,2,61552.11,4.5,678.39
628,20240925,9,1,2,114,8,1,57937.41,3.5,489.34
2356,20240925,8,2,1,51,5,2,48199.66,3.7,256.75
1271,20240926,2,1,3,43,1,1,47828.05,3.2,85.74
2279,20240926,8,2,2,117,7,3,102922.94,3.5,428.59
68,20240927,9,2,3,93,4,1,49855.91,3.8,321.89
1151,20240927,6,3,1,70,4,0,158576.53,3.8,272.56
22,20240928,10,5,4,69,15,3,116540.15,5.1,1403.56
332,20240928,7,3,4,15,3,1,11912.61,3.7,246.92
909,20240928,1,4,4,62,11,2,48942.31,5.4,919.61
1864,20240928,10,2,2,108,2,4,175931.1,4.7,134.42
1967,20240928,2,4,4,28,1,3,31636.91,5.4,91.95
1044,20240929,3,1,4,82,12,2,83821.53,7.0,872.9
1268,20240929,3,2,4,60,13,1,60731.06,6.0,628.89
1937,20240929,10,3,4,83,14,5,150248.77,5.4,940.22
374,20240930,9,3,5,82,4,1,43751.45,3.8,356.16
498,20240930,8,4,2,31,4,0,27590.78,3.1,237.75
576,20240930,6,5,5,59,7,1,125823.33,3.6,317.74
1857,20241001,4,6,5,58,12,6,34359.03,4.1,963.82
770,20241002,8,2,2,20,1,0,17294.55,4.5,46.65
913,20241002,12,3,1,120,10,4,86427.54,3.0,949.46
1748,20241002,11,5,1,73,7,1,80738.76,2.3,377.56
1772,20241002,4,4,2,16,2,0,10090.48,1.8,111.61
379,20241004,5,1,4,41,9,0,54861.16,8.0,698.44
634,20241004,2,4,3,78,2,3,91156.82,4.0,185.19
1718,20241004,2,4,1,29,1,0,34247.54,2.4,68.9
1945,20241004,5,6,5,104,13,2,147014.81,3.8,614.36
188,20241005,4,6,3,43,6,3,27125.74,5.0,356.93
1285,20241006,12,5,1,31,0,1,19908.21,4.0,0.0
758,20241007,12,2,3,68,1,0,48821.06,3.0,84.92
1017,20241007,8,3,3,116,7,5,102469.5,4.5,579.28
1159,20241007,3,4,4,77,12,0,71572.09,5.5,1013.31
1593,20241007,2,2,4,86,18,2,101156.19,6.0,934.9
614,20241008,9,6,5,32,4,1,18023.08,3.5,150.37
1468,20241008,10,1,3,51,1,0,94524.1,4.0,66.79
1761,20241008,5,4,3,103,5,1,159867.42,3.4,425.93
1881,20241008,6,2,5,40,3,2,79199.54,4.6,115.77
1385,20241009,12,2,1,108,4,1,69608.64,2.7,247.73
94,20241010,8,1,2,29,2,0,24980.73,3.1,126.78
1066,20241010,9,4,3,41,2,1,20977.49,4.3,157.08
1629,20241010,9,5,4,61,11,2,34801.0,5.6,687.05
809,20241012,6,4,2,54,2,0,113812.51,2.5,96.18
2216,20241012,6,5,3,81,4,3,167068.31,1.0,173.82
1094,20241013,9,2,1,91,5,0,47902.54,2.5,302.54
1173,20241013,9,3,4,85,6,2,43992.8,5.1,247.48
1352,20241013,10,6,1,28,3,1,50613.37,3.7,269.24
552,20241014,7,4,3,38,1,0,28706.84,3.7,94.06
1283,20241014,3,2,5,54,6,0,55179.7,3.4,380.53
1921,20241014,8,6,4,87,21,2,83291.5,6.2,1164.91
2012,20241014,8,5,2,92,0,1,78038.41,5.2,0.0
2384,20241014,10,2,1,87,10,5,144575.09,4.1,869.22
1478,20241015,3,5,3,54,3,0,49028.69,3.8,218.19
1694,20241015,6,3,2,76,3,0,158465.29,3.3,213.46
1754,20241015,12,3,3,32,0,0,20306.41,4.3,0.0
1774,20241015,5,4,4,22,2,0,31503.67,6.7,138.17
2059,20241015,2,3,1,69,3,1,87832.46,3.0,134.29
2291,20241015,1,4,2,64,0,0,56671.5,2.9,0.0
2342,20241015,6,5,4,55,11,2,113722.86,7.2,991.29
1666,20241016,5,4,5,59,4,0,82090.14,2.8,276.4
440,20241017,12,6,5,61,11,0,41483.62,6.4,400.42
1320,20241017,4,2,2,21,2,1,12393.42,2.0,102.45
2003,20241017,5,4,2,99,7,0,137018.35,2.5,491.19
1168,20241018,2,4,3,35,2,0,43845.99,4.8,105.99
2374,20241018,12,3,2,19,2,1,12920.61,4.9,144.99
957,20241019,1,2,1,93,9,0,80077.34,4.0,400.43
1956,20241019,10,6,1,73,6,4,125328.17,4.7,410.39
2134,20241019,10,4,5,102,6,5,173457.44,3.1,286.48
2140,20241019,11,6,2,35,3,0,39164.08,5.9,255.08
1302,20241020,3,6,2,15,2,0,14956.06,4.8,74.93
2225,20241020,5,1,2,73,2,0,105390.81,2.0,121.57
27,20241021,2,2,1,56,2,1,66484.14,1.0,182.24
1847,20241021,4,1,5,86,11,9,52698.39,2.4,714.51
2060,20241021,8,5,2,98,6,0,83606.97,4.3,545.9
2073,20241021,6,6,5,111,14,0,229245.78,3.9,1109.87
2163,20241021,1,3,5,37,3,0,32616.58,4.2,187.25
585,20241022,9,1,3,103,11,4,57454.52,2.9,917.4
942,20241022,4,4,2,116,12,8,70920.53,5.0,874.05
1866,20241022,12,1,4,87,15,3,58370.72,6.7,1377.33
164,20241024,5,2,1,78,5,3,113339.6,3.3,459.5
687,20241024,3,2,2,93,5,1,94590.93,4.9,268.92
1131,20241024,5,6,1,60,7,1,88885.54,4.0,626.66
144,20241025,5,6,4,40,10,2,62275.92,6.4,365.34
962,20241025,9,1,2,116,4,3,67003.5,4.0,375.38
1340,20241025,10,3,4,25,6,1,46251.52,4.7,509.19
1688,20241025,12,2,5,54,0,1,33783.13,3.8,0.0
1875,20241025,1,4,3,117,9,1,101926.58,4.0,401.61
2076,20241025,4,2,4,69,22,3,43808.96,5.3,1380.02
163,20241026,9,6,1,113,13,1,57427.63,4.9,1139.27
373,20241026,3,6,1,78,8,0,76538.36,5.2,439.17
1495,20241026,8,1,3,90,5,2,74207.62,3.4,219.91
1762,20241026,5,4,3,106,7,0,150020.46,5.3,453.03
1835,20241026,4,6,5,38,8,1,24641.89,6.2,323.81
2192,20241026,1,5,4,97,20,4,86442.56,6.1,1048.39
65,20241027,6,6,3,19,2,0,37037.26,5.4,129.28
907,20241027,4,3,3,19,2,1,12065.87,3.5,173.9
1252,20241027,1,1,5,83,5,2,75323.52,3.7,463.78
2357,20241027,7,5,4,103,13,5,72448.11,5.7,1213.94
496,20241028,7,5,4,103,15,2,81219.61,5.3,1237.74
960,20241028,7,1,3,92,6,2,65101.42,3.9,411.3
1719,20241028,3,2,4,97,19,1,95842.6,4.6,697.39
1584,20241029,9,1,4,98,12,4,50275.49,5.3,666.61
1888,20241029,10,1,3,110,7,3,186376.35,2.8,614.42
2017,20241029,6,6,4,53,13,2,111834.8,5.9,470.18
248,20241030,10,4,3,108,11,3,177914.54,4.2,442.57
1043,20241030,6,4,3,99,10,1,207307.06,4.9,515.26
1191,20241030,2,1,5,80,5,1,93884.51,3.2,317.58
1309,20241030,6,4,1,116,5,1,240849.47,2.8,192.69
1485,20241030,2,3,4,16,0,1,20031.86,3.7,0.0
1635,20241030,6,4,5,23,3,0,44576.62,4.1,271.97
425,20241031,8,4,5,23,1,2,21182.63,3.2,93.33
572,20241031,1,5,1,58,3,0,45850.51,2.9,201.28
624,20241031,3,2,3,79,5,2,81567.05,4.4,242.18
1225,20241031,10,3,1,87,4,3,151686.16,3.9,244.31
1480,20241031,1,3,5,15,1,0,13681.12,4.0,94.75
2290,20241031,9,2,1,18,1,0,9708.18,1.2,60.86
165,20241101,6,6,5,95,20,1,213679.54,5.1,1534.31
275,20241101,12,1,3,107,5,2,72993.32,5.1,404.31
929,20241101,5,3,2,103,11,0,146414.67,5.0,459.26
972,20241101,3,2,5,26,2,0,24364.58,4.3,154.61
1079,20241101,5,4,1,40,5,0,61072.52,3.1,377.62
464,20241102,8,3,4,105,17,1,94365.32,5.7,771.07
732,20241102,6,6,1,92,10,0,181007.23,3.0,532.44
1678,20241102,8,3,2,20,6,0,18825.67,3.9,402.44
2070,20241102,9,1,4,73,11,3,36419.95,5.4,684.62
1185,20241103,10,1,5,102,8,4,169607.77,1.9,671.48
1374,20241103,2,2,5,108,6,0,128343.51,4.1,348.7
777,20241105,8,4,1,62,7,0,55668.23,4.0,551.15
2224,20241105,1,5,2,26,3,0,21630.94,3.9,243.5
2250,20241105,4,4,1,74,12,7,43274.85,3.0,1112.75
2341,20241105,4,2,1,46,5,4,29661.49,3.8,354.58
1059,20241106,11,3,3,30,0,0,35615.6,2.8,0.0
1333,20241106,5,6,2,30,7,0,43637.21,6.0,442.64
1841,20241106,5,2,4,92,18,2,128736.53,4.7,918.81
2276,20241106,5,4,1,56,8,0,84095.83,1.9,743.3
500,20241107,3,6,2,118,20,3,124135.65,4.7,1798.23
954,20241108,9,2,4,76,12,5,44057.05,5.0,500.16
1437,20241108,3,5,1,61,9,3,62317.98,4.2,710.7
1687,20241108,4,5,4,20,4,1,11835.42,6.1,149.85
547,20241109,8,3,5,114,8,0,109040.42,3.9,529.01
1153,20241110,12,2,2,46,5,0,32080.99,2.8,179.12
238,20241111,9,4,5,112,11,1,64976.42,4.2,561.65
473,20241111,10,2,4,53,5,2,90568.74,5.6,234.78
795,20241111,9,6,5,43,5,0,23131.02,4.0,257.75
994,20241111,3,6,3,120,22,2,117400.74,5.6,1421.75
1496,20241111,12,5,5,80,8,2,51808.86,3.2,611.65
1741,20241111,9,6,1,117,24,0,63641.83,5.0,1471.11
5,20241112,5,5,1,60,2,1,84120.27,3.3,157.92
621,20241112,5,5,1,51,4,1,69458.97,1.3,242.19
1444,20241112,4,2,3,41,6,4,25512.71,3.7,557.01
155,20241113,12,3,5,75,6,2,51449.27,4.3,249.78
407,20241113,4,5,3,82,9,8,47818.58,2.8,693.31
435,20241113,5,3,1,98,7,2,147946.16,2.4,623.65
633,20241113,7,2,3,34,2,0,26005.07,5.2,126.23
1100,20241113,6,6,3,36,6,1,75080.98,5.2,387.09
1924,20241113,4,3,2,111,12,5,72904.76,4.6,522.1
2007,20241113,4,3,2,93,14,4,55749.86,2.3,844.14
91,20241114,5,6,4,15,1,1,21624.19,5.3,52.41
354,20241114,8,5,4,64,11,1,60658.88,5.4,798.04
2318,20241114,12,4,1,85,3,0,54882.11,2.9,226.15
82,20241115,11,6,2,108,11,2,126308.04,5.1,567.41
140,20241115,6,3,3,82,7,1,171495.01,3.8,284.1
1039,20241115,12,2,3,95,6,4,68294.74,4.2,406.47
4,20241116,7,5,1,37,2,0,27179.52,3.3,159.62
298,20241116,6,2,2,84,8,0,186535.0,3.5,616.35
756,20241116,11,4,1,15,1,0,17079.87,4.9,80.35
1418,20241116,10,2,5,98,5,6,177574.11,3.8,390.66
1992,20241116,10,6,5,81,8,4,134800.55,4.1,443.43
121,20241117,6,6,2,100,10,1,205591.32,4.3,762.09
1220,20241117,2,5,2,101,9,4,117763.35,3.6,355.63
2078,20241117,5,1,1,65,4,3,88282.37,2.9,367.08
2135,20241117,1,3,5,64,2,2,52859.82,3.7,163.9
285,20241118,7,4,1,40,5,0,30839.76,2.5,212.37
800,20241119,4,5,1,72,10,4,42943.32,5.3,657.53
935,20241119,1,4,4,109,21,3,97228.26,5.4,1812.72
2157,20241119,2,2,4,17,2,1,21526.8,4.6,87.85
30,20241120,4,3,4,60,11,7,36086.33,4.9,800.98
1263,20241120,12,3,4,16,1,1,10768.68,5.4,69.3
1293,20241120,3,2,3,40,8,0,38511.7,2.9,468.9
1729,20241120,7,6,4,19,5,0,14576.1,7.4,248.56
2146,20241120,10,4,1,27,4,1,45453.84,4.4,299.68
47,20241121,10,6,1,54,8,3,94597.28,4.4,288.51
689,20241121,3,6,5,42,3,1,38043.32,4.9,188.14
186,20241122,7,1,1,61,7,1,44579.16,5.8,401.78
219,20241122,8,5,5,63,4,1,59969.0,2.0,303.81
267,20241122,3,4,4,43,5,2,41375.28,6.1,368.52
869,20241122,2,5,5,95,9,2,116518.91,5.0,797.56
923,20241122,10,5,4,50,7,2,81229.46,5.8,319.73
1643,20241122,10,4,4,44,7,2,72848.09,6.2,334.26
1092,20241123,8,3,2,22,2,0,18117.11,3.3,85.24
1184,20241123,4,5,4,56,11,3,32544.04,3.4,400.78
214,20241124,8,6,2,108,18,2,96377.68,2.9,1660.15
883,20241124,12,3,3,118,16,0,84626.33,4.1,1070.42
1057,20241124,10,3,3,96,8,8,168863.59,5.5,535.21
1319,20241124,9,4,5,29,0,2,16200.58,4.0,0.0
1331,20241124,9,1,4,48,10,0,27167.24,7.9,464.87
1373,20241124,7,6,5,97,12,0,71745.32,3.2,1042.32
1473,20241124,11,4,2,63,6,0,68695.14,4.0,343.82
1890,20241124,4,4,2,87,8,8,57683.75,4.5,574.31
2040,20241124,4,6,3,58,15,9,38432.85,4.0,1084.28
2382,20241124,8,5,3,26,1,2,23495.53,1.1,39.77
20,20241125,6,6,2,76,18,1,151508.84,5.3,1585.11
31,20241125,2,3,3,18,1,0,22237.39,3.0,41.03
2217,20241125,4,4,3,76,13,7,44889.08,4.8,767.82
1919,20241126,11,2,2,16,1,0,16459.85,4.5,68.42
2243,20241126,12,4,1,89,5,1,63218.7,3.3,293.22
506,20241127,11,5,2,74,7,1,75028.87,1.7,632.57
833,20241127,9,4,4,40,5,0,21637.77,5.7,238.96
1368,20241127,9,5,1,53,4,0,28705.17,3.2,173.86
2047,20241127,4,1,5,27,5,1,17055.32,2.5,186.7
792,20241128,9,4,1,118,12,2,62871.04,3.7,919.82
1458,20241128,1,5,5,116,10,0,97300.07,4.3,916.81
1566,20241128,11,3,2,49,7,0,54264.96,2.7,342.04
1803,20241128,5,3,4,19,4,0,28673.73,5.6,288.56
1853,20241128,12,6,1,96,18,1,64989.53,3.7,1577.09
2205,20241128,3,3,4,89,15,5,86180.05,5.8,959.09
2337,20241128,1,4,4,51,11,1,45609.68,4.7,954.8
2391,20241128,3,3,2,24,3,2,22972.25,3.2,235.85
222,20241129,5,3,5,27,1,0,37536.99,4.5,45.76
537,20241129,10,5,1,56,6,5,93571.58,4.0,390.92
871,20241129,2,3,1,77,6,1,96490.2,4.0,388.85
1743,20241129,2,2,5,76,7,3,94963.77,4.3,573.12
2180,20241129,4,3,4,23,5,2,14829.28,7.0,399.73
205,20241130,10,5,3,109,7,6,195251.37,3.5,573.55
1555,20241130,8,5,4,78,13,0,66512.77,5.4,1074.59
2004,20241130,12,6,5,79,13,2,57401.37,3.7,949.48
114,20241201,10,4,1,64,10,5,110686.67,4.2,638.13
798,20241201,10,5,2,94,8,2,173681.28,1.8,382.86
905,20241201,2,2,1,56,7,2,62683.28,1.7,261.79
916,20241201,11,3,5,59,4,1,65703.62,3.0,352.36
335,20241202,6,5,2,17,1,0,38020.77,3.3,77.85
647,20241202,9,5,2,42,3,0,22836.72,3.8,222.8
1213,20241202,8,4,2,68,3,1,56201.34,3.9,266.23
1520,20241202,8,2,4,30,5,1,25007.08,4.5,222.11
176,20241203,4,5,5,88,20,6,54834.74,3.0,1119.32
939,20241203,11,2,5,29,2,0,31514.54,3.4,149.25
2020,20241203,2,1,5,95,13,1,106065.66,3.8,836.44
2189,20241203,8,3,3,71,9,2,62421.42,2.9,606.45
2274,20241203,11,2,4,40,7,1,43941.53,6.2,345.81
73,20241204,5,1,3,108,4,1,158185.15,4.0,306.69
231,20241204,12,2,5,21,4,0,14350.09,3.6,140.16
485,20241204,5,6,3,33,6,0,51153.86,7.3,555.53
612,20241204,7,3,4,62,19,4,50491.09,4.8,1192.91
1248,20241205,8,4,1,15,1,1,13359.56,1.0,84.07
1954,20241205,5,1,5,90,7,1,124942.15,3.1,647.41
2077,20241205,12,3,1,108,17,3,71248.88,1.9,943.51
2354,20241205,11,5,3,95,10,3,103077.09,4.9,684.94
710,20241206,3,6,1,21,2,0,20857.89,4.6,125.17
54,20241207,6,1,5,33,2,2,70750.05,2.0,181.1
277,20241207,12,2,5,119,8,2,84195.51,3.8,365.36
474,20241207,3,3,4,109,24,5,100572.17,6.9,1196.75
1075,20241207,4,5,1,91,22,7,52257.47,1.0,1503.45
1499,20241207,4,2,3,29,5,1,17848.38,4.0,252.45
1768,20241207,3,1,2,76,3,1,76616.48,3.1,216.87
1697,20241208,7,4,2,120,11,1,87085.97,4.3,676.64
1802,20241208,9,6,1,102,13,2,52472.26,6.0,1034.99
1968,20241208,2,4,5,106,10,1,128220.33,3.5,652.04
70,20241209,3,5,3,50,2,0,51493.77,3.7,79.26
367,20241209,5,5,3,99,10,0,150162.66,3.0,644.64
1102,20241209,8,1,2,111,8,2,95288.99,3.7,604.08
1431,20241209,11,3,3,36,1,1,36904.69,4.4,65.22
1712,20241209,6,5,2,36,2,0,75712.66,3.7,158.9
109,20241210,5,5,4,106,19,3,156059.86,4.9,910.46
124,20241210,5,5,5,108,8,3,158048.63,3.6,282.34
1789,20241211,1,2,1,32,3,0,28815.72,4.0,146.65
2026,20241211,11,4,4,86,23,2,98278.67,7.2,1873.99
2395,20241211,5,5,3,114,12,1,174154.0,4.7,609.4
290,20241212,12,4,1,71,9,0,49655.88,3.5,503.09
944,20241212,8,3,4,107,23,2,92015.16,5.2,1664.13
974,20241212,7,1,3,98,11,6,68540.32,3.8,936.41
76,20241213,6,4,2,16,1,0,32715.01,3.4,38.07
519,20241213,11,5,3,68,6,2,72824.1,2.7,491.13
709,20241213,11,4,1,25,4,0,29689.16,4.5,160.59
1541,20241213,7,2,1,21,5,0,16930.37,3.4,326.49
973,20241214,4,3,2,33,1,1,18906.62,1.9,52.37
1420,20241214,11,6,4,77,18,2,87537.98,6.5,1568.51
2239,20241214,8,5,2,40,7,1,35419.06,2.4,661.99
622,20241215,2,6,3,33,1,1,36921.28,5.2,44.55
785,20241215,8,3,4,93,20,3,79023.11,5.3,1105.47
1202,20241215,8,5,2,87,8,0,73400.84,1.8,601.62
1795,20241215,7,6,1,76,16,1,57042.41,6.1,764.08
768,20241216,4,3,2,86,11,3,56156.78,5.4,534.28
1101,20241216,1,6,5,65,6,0,53308.22,5.2,532.48
1508,20241216,12,1,1,33,3,0,23927.0,2.3,255.96
1799,20241216,12,1,1,77,9,2,55811.51,5.4,649.19
644,20241217,7,5,5,47,2,0,37368.31,3.1,119.58
1808,20241217,12,6,3,95,11,0,66499.51,5.7,490.4
2178,20241217,3,2,5,104,7,2,97296.85,4.5,341.2
276,20241218,8,3,4,91,19,3,77463.57,6.5,1314.47
1146,20241218,8,1,5,18,2,0,16079.81,3.0,106.39
1517,20241218,1,5,4,51,4,3,45838.02,6.7,263.43
1932,20241218,4,2,4,58,15,3,37574.69,4.9,1282.82
282,20241221,2,4,2,105,8,1,122196.43,3.6,625.24
729,20241222,7,1,5,79,7,2,55714.11,4.4,479.36
1031,20241222,3,2,2,29,1,0,28152.68,4.0,60.57
444,20241223,6,6,4,104,29,4,209204.77,7.3,2632.44
651,20241223,11,2,2,76,7,2,78093.65,3.4,453.69
1244,20241223,6,5,1,66,9,1,140916.81,2.9,315.74
1492,20241223,12,4,5,45,7,1,31360.94,4.6,294.01
284,20241224,10,3,1,20,0,1,36297.9,3.2,0.0
1116,20241224,12,1,1,59,4,0,43222.19,4.4,294.7
1477,20241224,9,1,4,65,17,1,35979.64,7.6,677.73
1918,20241224,5,5,1,40,4,1,56098.33,2.0,166.49
2156,20241224,3,6,1,33,4,1,34760.35,4.6,304.28
718,20241225,8,5,1,63,5,1,55215.58,1.9,319.57
2298,20241225,2,1,5,54,6,1,59979.97,3.5,304.7
235,20241226,1,1,3,27,2,0,22787.38,3.5,121.35
563,20241226,12,4,3,58,6,0,42111.28,4.1,388.1
1120,20241226,12,6,2,101,23,0,71230.38,4.9,1764.15
203,20241227,10,4,1,82,8,3,134773.21,2.4,755.69
252,20241227,11,1,4,51,7,1,54460.02,4.4,590.49
1018,20241227,11,6,5,34,11,0,39118.63,4.8,769.76
1519,20241227,1,3,4,46,8,1,38564.55,5.6,426.05
1549,20241227,12,3,5,104,11,5,70757.29,4.8,558.28
185,20241228,5,2,4,65,10,1,101772.99,5.7,942.35
1353,20241228,12,4,3,112,9,1,71333.48,3.9,458.39
1814,20241228,9,1,3,110,10,2,59942.63,2.6,687.04
55,20241229,10,1,2,118,5,7,212656.76,4.0,472.8
183,20241229,4,2,2,120,20,7,71086.38,3.2,807.91
1356,20241229,4,4,5,62,7,1,36102.65,5.3,558.28
2011,20241229,2,5,4,50,8,1,57749.42,5.0,495.59
405,20241230,3,4,1,42,2,1,42118.09,2.9,77.55
453,20241230,2,5,2,98,11,0,109142.29,3.5,583.34
1162,20241230,3,4,4,38,11,1,35769.52,7.1,719.91
21,20241231,4,4,2,33,9,5,20230.97,1.1,723.04
180,20250101,7,4,2,120,7,2,86107.77,2.9,651.47
406,20250101,12,3,2,96,7,3,68537.99,6.5,332.49
1053,20250101,6,2,1,112,6,0,228411.13,2.1,279.62
2254,20250101,3,1,5,101,8,2,91468.95,4.2,583.8
667,20250102,10,1,4,50,11,2,91098.84,5.7,830.77
1091,20250102,2,5,3,54,4,1,67891.43,2.2,378.08
1379,20250102,12,5,5,81,4,1,57807.84,1.1,209.08
1737,20250102,12,3,5,52,3,0,36288.87,4.0,277.07
556,20250103,12,5,5,30,3,0,19422.13,5.7,129.83
876,20250103,12,2,5,26,2,0,17699.93,4.5,97.53
1008,20250103,8,6,2,50,3,0,47805.56,5.4,169.06
1767,20250103,6,1,4,94,17,1,196258.82,5.4,839.32
2350,20250103,5,2,1,117,9,2,166860.15,3.3,772.65
115,20250104,2,5,5,87,5,0,106355.69,2.6,410.43
159,20250104,1,6,5,109,6,1,88017.95,4.4,427.21
629,20250104,3,1,3,23,0,1,20863.33,5.1,0.0
1152,20250104,7,5,3,87,7,0,69769.65,3.2,544.26
420,20250105,9,3,4,57,10,2,28695.23,5.7,919.63
1217,20250105,1,2,3,95,4,2,77104.55,4.1,219.06
1618,20250105,2,1,5,60,3,0,69640.62,2.9,283.97
2251,20250105,5,6,4,65,18,0,92490.11,6.7,1078.97
445,20250106,6,3,1,71,4,1,148877.18,2.8,332.52
940,20250106,11,1,1,66,4,2,78327.99,5.6,226.11
1051,20250106,6,2,4,71,11,2,158461.48,5.4,669.96
1241,20250106,9,3,3,119,9,0,59666.98,3.5,548.15
1490,20250106,10,5,4,73,14,0,122050.28,3.4,1092.9
897,20250107,3,1,2,73,8,0,75121.9,3.8,626.21
2066,20250107,2,6,2,50,4,0,56662.84,3.5,183.1
2313,20250107,11,6,3,99,13,1,114749.69,4.7,670.85
1000,20250109,9,3,5,24,2,0,13380.35,4.8,132.01
1442,20250109,6,1,5,62,1,0,137704.94,3.8,60.17
17,20250110,8,6,4,63,11,0,54769.6,6.5,491.06
608,20250110,6,5,3,80,6,1,158731.81,3.7,321.3
344,20250111,12,4,5,22,3,0,14058.67,5.1,232.31
803,20250111,10,1,2,88,7,5,144172.14,3.4,446.1
1207,20250111,4,2,1,93,11,5,57266.34,3.9,410.2
1296,20250111,8,4,1,52,5,0,48987.12,3.2,403.24
1583,20250111,9,4,1,79,4,3,41851.92,3.2,218.14
1680,20250111,10,2,2,74,4,1,120883.84,4.6,287.29
549,20250112,7,2,3,78,3,1,58505.84,4.6,253.25
1165,20250112,10,5,5,110,4,6,186212.01,4.2,349.5
1460,20250112,6,6,5,100,7,0,208615.65,3.6,357.12
1720,20250112,1,1,5,94,2,0,85507.54,4.1,139.51
2264,20250112,5,1,5,41,5,0,62125.4,3.7,292.26
717,20250113,8,4,4,47,7,2,42296.7,3.0,625.08
1916,20250113,4,3,4,67,19,10,40863.74,6.0,1480.99
366,20250114,7,1,5,47,3,1,37021.7,2.4,278.02
1015,20250114,8,4,1,77,1,2,65649.16,3.6,78.47
2133,20250114,9,1,4,54,8,1,28113.88,4.4,678.3
296,20250115,5,2,5,98,8,0,134295.21,2.2,422.86
449,20250115,4,6,3,49,7,1,31743.48,3.2,323.98
701,20250115,5,6,1,20,1,0,29524.08,4.8,84.01
1010,20250115,6,3,5,16,0,0,35929.09,2.2,0.0
1686,20250115,8,6,5,98,12,0,92531.1,4.3,1101.12
1849,20250115,11,4,3,120,10,5,137508.0,2.3,610.53
893,20250116,3,6,4,19,2,0,19650.78,7.0,131.72
1800,20250116,3,1,4,20,2,0,20914.69,7.3,126.49
578,20250117,11,2,5,114,9,2,128384.69,3.3,563.58
679,20250117,3,1,4,51,11,1,50972.11,4.1,974.23
712,20250117,10,5,3,15,1,0,25265.2,4.4,47.09
1074,20250118,11,2,3,88,4,1,101328.39,2.8,295.2
1311,20250118,5,6,4,80,19,3,109821.69,7.4,1220.43
1665,20250118,10,1,5,118,6,9,193824.61,1.9,263.65
1859,20250118,8,4,5,47,0,2,40660.59,3.0,0.0
11,20250119,7,2,4,117,21,2,91803.34,5.6,1088.79
997,20250119,6,6,2,48,8,1,97412.48,5.7,717.23
1195,20250119,3,1,1,46,5,0,44393.72,5.4,368.11
2029,20250119,10,3,5,67,3,3,117541.47,4.7,108.15
1957,20250121,12,4,5,53,6,1,35494.6,4.3,507.28
488,20250122,1,6,4,57,11,2,51045.78,7.1,796.73
995,20250122,5,3,1,83,4,2,117276.08,4.4,266.8
1299,20250122,4,5,4,85,19,4,52058.11,5.5,764.17
1392,20250122,3,1,3,41,4,0,38566.52,5.5,211.08
1501,20250122,7,3,3,109,6,1,82160.36,2.4,339.31
1920,20250122,1,5,4,20,5,0,15708.41,6.2,448.2
507,20250123,8,3,5,96,6,1,81714.0,1.9,476.22
1147,20250123,5,2,2,77,5,0,110546.62,2.0,474.34
1164,20250123,10,2,1,88,6,2,159435.74,3.4,334.32
1902,20250123,8,1,1,18,3,1,15717.89,1.1,257.59
1958,20250123,4,3,3,91,7,8,59284.72,3.7,320.2
1991,20250123,3,6,1,25,5,0,22550.31,5.7,241.95
2048,20250123,3,3,5,33,1,0,33430.14,2.8,77.02
351,20250124,3,1,2,58,3,2,59121.88,4.6,284.0
656,20250124,6,1,5,37,3,0,82649.78,3.0,151.57
747,20250124,8,1,4,114,20,1,103939.57,5.7,1564.44
1553,20250124,9,1,3,26,3,0,13879.09,5.4,203.22
1669,20250124,9,4,4,105,13,5,54119.59,5.1,910.0
1335,20250125,4,4,3,64,7,2,41271.86,3.1,369.95
1341,20250125,3,2,3,54,1,1,49971.39,4.0,36.29
1725,20250125,10,2,2,45,2,4,72592.9,3.3,82.73
1901,20250125,4,6,2,39,8,3,24837.92,4.1,534.24
2310,20250125,6,2,5,60,1,1,116978.96,1.6,73.85
606,20250126,5,3,4,17,1,1,24700.66,5.2,94.05
648,20250126,10,3,5,73,5,1,134647.76,1.9,235.21
1636,20250126,1,1,1,103,6,1,88173.81,4.4,464.28
561,20250127,12,4,2,104,10,2,68526.25,3.3,408.23
931,20250127,8,6,1,42,6,1,35096.29,5.8,249.17
1922,20250127,6,2,5,23,3,0,45181.06,3.9,114.15
2336,20250128,6,3,3,45,2,1,91452.99,2.0,161.58
2351,20250128,1,4,4,87,11,1,75824.78,3.4,998.96
539,20250129,11,3,4,40,5,0,41755.69,6.4,175.45
877,20250129,1,4,3,89,3,3,74008.12,3.7,217.0
1140,20250129,10,2,3,48,4,2,80503.81,4.0,360.6
2139,20250129,11,5,4,37,4,1,40347.62,4.9,242.92
927,20250130,2,4,3,107,12,2,121845.84,5.4,591.12
1259,20250130,5,4,3,30,3,1,45152.31,1.6,200.46
1380,20250130,6,6,4,94,28,3,210993.34,9.6,1789.26
289,20250131,8,1,1,113,6,1,96343.09,4.8,561.04
305,20250131,1,1,4,80,15,0,67457.32,4.5,1406.84
917,20250131,8,2,1,102,7,0,97801.61,3.2,542.33
1848,20250131,3,5,5,109,7,3,100556.05,3.9,506.06
2118,20250131,1,1,3,73,4,3,62611.81,5.2,211.91
29,20250202,10,6,5,84,15,0,136230.16,5.8,1269.94
295,20250202,12,3,5,65,2,0,45418.51,4.4,143.92
789,20250202,1,5,1,27,1,0,21983.15,4.0,38.56
807,20250202,12,3,3,46,4,1,28796.33,2.1,337.74
2137,20250202,1,3,2,28,1,2,23221.24,2.7,87.6
2154,20250202,7,5,1,79,7,1,57776.6,3.7,455.17
2343,20250202,6,6,2,56,7,1,108685.23,4.7,412.83
57,20250203,11,6,5,104,10,2,114271.88,4.3,673.54
229,20250203,8,5,5,107,6,1,91621.52,3.2,551.52
331,20250203,12,2,3,51,3,1,37315.04,2.9,277.7
983,20250203,12,6,4,82,20,2,51371.82,6.9,949.69
2119,20250203,9,1,3,114,7,2,65737.87,1.3,303.75
879,20250204,12,4,1,82,6,4,55330.18,4.6,558.99
1577,20250204,8,1,5,75,4,0,64127.86,4.9,348.29
992,20250205,7,1,2,76,6,2,59323.44,3.9,476.19
1323,20250205,10,5,4,81,12,6,148982.88,5.4,963.81
1497,20250206,7,1,4,96,9,5,68816.79,4.9,702.71
1997,20250207,4,1,5,69,12,6,43716.2,3.6,766.81
2252,20250207,12,3,2,32,2,0,20999.27,3.4,116.49
132,20250208,10,5,3,27,2,2,46411.07,2.5,169.05
655,20250208,10,2,4,28,8,5,45497.49,5.3,325.89
762,20250208,11,1,1,84,4,1,87275.72,2.5,250.47
1222,20250208,3,2,4,43,8,2,43193.54,4.9,660.94
1625,20250208,6,6,4,98,28,1,218618.46,6.5,1023.4
1664,20250208,7,1,5,34,3,0,24963.68,3.2,217.56
1840,20250208,3,2,2,25,0,0,23809.21,5.2,0.0
2335,20250208,10,1,1,29,0,1,48382.02,3.7,0.0
34,20250209,4,2,2,40,1,2,24185.01,4.7,53.49
308,20250209,4,6,4,118,37,10,71820.58,6.3,2867.44
330,20250209,6,4,1,39,2,0,77730.26,4.8,82.21
456,20250209,1,3,2,49,3,0,41567.56,4.5,109.86
755,20250209,1,4,4,78,16,0,71191.02,5.8,580.49
1365,20250209,5,2,1,56,5,1,87618.17,2.7,395.42
1938,20250209,4,1,3,52,4,5,34214.34,6.0,200.48
113,20250210,12,1,3,70,3,1,51136.15,3.6,164.78
1084,20250210,3,2,3,19,2,0,20043.09,3.4,125.4
1129,20250210,3,1,1,66,5,1,65673.84,3.4,392.45
1258,20250210,12,4,3,113,10,1,72125.09,2.7,554.09
2031,20250210,12,4,3,79,4,1,50769.82,5.1,236.86
158,20250211,11,3,2,56,1,0,58822.37,2.4,91.13
1565,20250211,3,5,2,78,5,1,72934.15,3.6,177.98
134,20250212,3,5,2,46,2,0,47136.65,3.1,76.56
1003,20250212,2,3,3,22,1,0,27133.03,3.3,58.19
1975,20250212,4,6,3,117,28,6,66917.57,5.4,2320.97
1387,20250213,3,3,4,103,14,5,94736.34,6.2,609.38
1412,20250214,6,5,1,53,4,3,111254.2,5.1,257.15
1434,20250214,8,1,5,33,0,0,30229.82,3.5,0.0
2062,20250214,5,4,2,86,9,0,126970.66,4.6,381.1
79,20250216,1,5,3,102,3,0,91652.34,1.2,201.98
706,20250216,4,6,5,65,12,6,42620.08,3.9,1139.15
126,20250217,4,1,5,43,4,4,28349.08,2.7,312.36
131,20250217,11,1,2,111,5,4,122204.32,2.3,417.19
980,20250217,5,1,1,79,3,1,115976.16,3.6,120.79
1029,20250217,10,1,2,88,4,2,146867.05,4.9,297.07
437,20250218,12,4,1,66,4,1,42274.65,4.6,267.34
1189,20250218,8,6,5,27,2,0,23095.13,5.7,82.93
1672,20250218,10,1,3,85,5,2,151055.26,4.1,371.81
116,20250219,10,1,3,81,6,3,148617.66,3.7,466.6
1544,20250220,12,5,1,16,1,1,10275.71,3.6,39.96
1728,20250220,2,3,5,28,2,1,31881.42,2.6,128.93
2303,20250220,7,4,2,40,1,1,31592.58,3.9,93.59
288,20250221,7,2,3,119,12,2,91203.31,2.8,868.39
570,20250221,8,2,5,113,8,3,94597.55,3.5,407.12
1759,20250221,3,6,3,55,11,1,52516.47,3.9,603.36
2199,20250221,12,3,5,116,13,3,81455.05,2.3,926.02
708,20250222,5,1,4,38,4,3,53083.75,6.0,346.35
922,20250222,2,3,5,83,4,1,92380.25,2.4,219.07
978,20250222,7,1,1,47,6,0,33118.33,2.8,502.83
1455,20250222,6,2,1,29,3,0,56069.05,3.2,120.31
1631,20250222,7,6,5,107,14,0,87490.42,4.2,1255.52
1897,20250223,6,6,1,58,6,3,122577.88,5.2,273.94
129,20250224,2,2,2,106,6,0,133077.53,5.8,565.69
1344,20250224,6,6,3,21,2,0,43457.04,4.8,149.84
1765,20250224,9,1,5,106,5,3,55883.09,4.9,437.77
2247,20250224,9,4,5,102,3,1,51317.99,3.5,272.04
535,20250226,10,4,1,19,1,0,33133.64,4.1,35.0
930,20250226,12,3,1,54,3,0,39448.25,1.1,217.59
1627,20250226,3,6,2,113,18,2,109828.51,3.7,1054.76
228,20250227,1,1,4,114,16,3,95004.79,2.8,1366.82
597,20250227,4,6,5,79,13,6,52725.42,4.7,1229.18
266,20250228,7,5,3,98,8,2,73500.78,2.8,474.21
424,20250228,12,5,1,71,2,2,46683.6,2.2,118.49
677,20250228,2,2,3,105,6,1,132966.77,3.0,387.45
1760,20250228,1,1,5,54,2,0,47707.67,3.3,103.67
2123,20250301,7,3,5,75,4,1,53333.44,4.0,227.88
242,20250302,6,1,4,56,6,1,119687.69,4.1,503.76
1161,20250302,1,2,1,36,3,1,29356.09,3.6,192.39
2037,20250302,8,5,3,50,5,0,48035.32,5.1,317.58
1415,20250303,5,5,1,65,6,0,91885.86,3.5,455.49
1628,20250303,6,4,1,84,5,1,169630.22,3.3,331.1
1791,20250303,6,1,1,15,1,0,30824.02,3.8,67.72
1858,20250303,2,4,2,111,7,3,142857.6,3.1,323.06
1118,20250304,11,2,3,53,3,2,60553.08,2.5,182.55
2190,20250304,4,1,2,17,0,1,10354.46,4.4,0.0
260,20250305,2,4,4,45,5,4,51669.45,6.3,269.33
985,20250305,10,4,3,72,1,4,122419.34,4.9,61.22
1156,20250305,6,5,5,91,3,1,199230.61,3.6,154.46
2345,20250305,9,2,4,93,11,4,47417.59,6.7,742.73
786,20250306,12,5,1,27,2,1,17222.13,4.7,100.54
966,20250306,9,4,4,119,20,4,59241.18,5.8,1217.16
1423,20250306,7,5,5,85,3,0,61732.86,4.8,198.86
1833,20250306,8,2,4,69,10,1,63046.42,6.9,494.35
2065,20250306,6,6,4,102,22,1,220413.32,6.1,1484.31
2235,20250306,2,6,3,108,14,3,132120.37,4.3,1267.81
270,20250307,12,6,1,81,5,4,58357.26,4.8,245.08
698,20250307,4,3,5,109,10,6,67783.82,2.7,884.77
981,20250307,10,2,3,93,7,7,167939.12,2.9,575.2
1318,20250307,4,2,5,35,1,3,21322.67,2.1,74.94
1396,20250307,4,3,3,47,14,1,29311.81,3.8,1325.45
1546,20250307,9,5,3,68,2,1,39198.19,2.6,162.82
548,20250308,6,3,1,68,6,0,132601.1,3.5,395.25
915,20250308,5,6,2,52,8,0,78040.71,5.5,522.57
688,20250309,3,5,4,113,17,3,103725.12,4.4,1498.31
520,20250310,5,2,1,20,0,0,29054.89,3.4,0.0
1608,20250310,8,4,2,111,8,2,101687.79,3.8,748.24
1644,20250310,2,5,1,48,1,1,59139.19,5.4,58.09
468,20250311,2,4,3,70,4,1,81568.45,3.7,187.84
1350,20250311,11,6,2,87,17,1,100599.91,4.5,721.95
1654,20250311,10,5,1,92,7,0,153987.7,3.7,270.03
455,20250312,9,3,1,60,5,3,31641.61,1.4,311.45
665,20250312,9,2,2,84,5,1,44329.61,3.3,205.15
1505,20250312,11,2,4,50,11,2,57941.27,5.7,404.79
531,20250313,3,4,3,45,0,2,43500.46,4.9,0.0
1188,20250313,9,4,5,64,4,1,36888.53,4.0,161.48
394,20250314,7,1,4,32,7,1,22439.27,5.9,363.22
720,20250314,11,4,2,46,2,2,53522.01,2.4,78.64
2024,20250314,6,1,2,22,1,0,48946.51,2.2,78.31
967,20250315,8,2,1,34,2,1,28917.66,4.1,113.45
1048,20250315,7,5,2,19,4,1,13576.34,2.4,234.54
1580,20250315,2,2,3,80,3,4,100231.99,4.7,230.07
1764,20250315,3,1,4,54,10,3,52248.02,3.4,437.5
137,20250316,4,6,5,36,11,1,23815.58,4.3,796.81
494,20250316,11,5,4,39,6,0,44473.79,6.4,303.2
625,20250317,5,2,5,94,6,2,128860.02,5.1,356.2
1525,20250317,8,6,5,81,13,0,67981.93,3.7,1162.21
1568,20250317,3,2,3,90,6,2,93836.68,1.9,250.43
1873,20250317,12,3,1,111,4,0,71636.94,3.0,327.3
490,20250318,3,2,5,41,4,1,38017.03,4.7,160.55
850,20250318,5,6,4,65,17,2,95198.12,8.6,1086.77
2213,20250318,10,5,5,74,2,2,122805.1,4.4,154.12
193,20250319,7,6,2,21,1,1,16797.51,5.5,37.98
2183,20250319,2,6,4,104,30,3,128648.36,8.2,2203.27
1181,20250320,11,4,2,37,2,1,38720.31,3.2,117.22
1758,20250320,4,2,5,94,9,4,56125.86,3.3,411.8
1952,20250320,7,3,1,18,2,0,14618.11,2.9,119.52
2124,20250321,12,5,5,18,1,1,12503.76,4.9,37.44
956,20250322,6,3,3,91,5,2,184977.67,2.4,179.54
1305,20250322,12,5,1,69,6,3,43942.3,4.0,551.92
1662,20250322,1,3,2,59,2,1,52902.46,2.9,180.6
2144,20250322,8,3,2,45,2,1,38556.77,5.0,123.54
269,20250323,1,1,5,66,1,0,52664.88,3.7,77.09
767,20250323,9,2,2,40,2,0,21921.96,4.6,178.43
896,20250323,10,1,2,36,2,2,66223.07,1.8,146.55
1135,20250324,2,6,5,56,5,0,72565.82,4.9,283.45
1829,20250324,5,3,3,82,6,2,123250.99,3.7,414.47
2027,20250324,4,4,4,68,15,6,39695.88,5.3,1394.2
323,20250325,2,4,3,89,3,3,103642.29,3.1,166.43
672,20250325,6,3,2,68,5,2,132607.93,3.8,304.84
953,20250325,2,1,3,112,6,1,138078.4,3.2,405.06
601,20250326,10,6,3,39,3,0,64675.67,2.7,127.6
702,20250326,2,2,3,84,5,2,107019.39,3.1,224.54
900,20250326,10,3,4,102,18,4,170110.29,6.1,1609.86
987,20250326,10,4,3,56,1,0,93113.57,4.1,94.02
1846,20250326,4,5,4,22,3,0,12968.48,5.8,188.34
1885,20250327,2,3,3,106,4,3,123057.24,2.9,293.89
2393,20250327,12,4,5,96,6,1,65281.6,2.3,395.54
1554,20250328,6,6,4,119,25,4,267432.36,8.1,2286.14
1661,20250328,2,2,5,40,5,0,44767.87,3.6,423.8
2226,20250328,5,6,4,71,22,3,98742.69,6.6,1419.72
1200,20250329,8,1,1,19,0,0,15760.27,4.0,0.0
1397,20250329,9,4,5,39,3,0,21929.68,2.2,149.81
1540,20250329,7,4,3,108,7,3,76849.83,3.4,329.15
343,20250330,7,4,2,100,7,1,78223.88,2.0,534.91
675,20250330,7,1,2,39,4,1,31333.71,5.3,228.87
1290,20250330,3,5,4,116,22,4,109910.73,4.8,1560.19
1638,20250330,8,2,1,79,1,0,74164.84,4.8,46.71
825,20250331,8,2,1,29,3,1,27785.82,2.7,150.58
1211,20250331,7,3,5,56,4,0,39566.69,1.8,202.67
1982,20250331,2,1,2,101,8,2,123129.18,2.7,564.1
996,20250402,10,2,4,40,9,3,66265.41,5.2,830.59
2128,20250402,2,2,1,92,6,2,111307.36,4.0,363.41
2179,20250402,4,4,4,116,27,8,67065.68,5.6,1311.17
2359,20250402,6,1,4,16,4,1,32018.36,5.6,358.72
240,20250403,11,2,3,58,4,0,66235.94,4.6,368.45
599,20250403,6,6,3,118,11,1,250683.27,4.9,819.26
1755,20250403,3,3,5,119,3,3,112924.27,3.7,161.87
245,20250404,6,5,4,92,11,1,191614.71,6.0,978.25
1171,20250404,10,5,5,20,1,1,33999.5,4.7,44.86
1753,20250404,11,2,2,76,7,1,82388.02,3.1,253.67
85,20250405,5,1,1,83,2,0,127088.1,2.4,102.62
192,20250405,5,4,3,65,2,0,99483.54,2.7,127.49
880,20250405,9,1,5,74,4,1,42311.76,2.9,342.22
40,20250406,1,6,5,73,9,0,59510.76,2.7,641.37
1172,20250406,11,2,5,97,5,0,99936.95,3.8,251.42
658,20250407,2,3,1,112,6,3,134243.93,4.4,545.41
1111,20250407,12,2,1,46,3,1,30123.77,3.8,205.97
2010,20250407,4,6,4,68,21,3,39027.37,5.8,1497.18
2158,20250407,11,6,1,90,11,1,93450.74,5.0,727.8
2231,20250407,2,6,1,74,10,1,83520.09,4.0,353.4
130,20250408,7,2,2,85,3,0,66925.39,3.4,237.57
458,20250408,10,2,5,77,3,2,136057.32,2.4,165.83
475,20250408,5,4,5,96,5,2,130883.23,1.3,208.33
743,20250408,6,2,3,103,3,2,223076.95,4.5,227.54
958,20250408,11,4,1,33,1,0,35890.06,3.9,36.19
1196,20250408,4,2,5,49,6,4,31932.12,4.9,550.23
1370,20250408,5,5,5,108,7,2,151302.9,4.6,538.13
2185,20250408,8,6,3,49,6,3,40359.71,4.1,466.01
341,20250409,3,3,4,75,12,3,67921.91,4.7,571.26
1417,20250409,6,3,4,107,12,5,231576.37,4.3,1082.29
1467,20250409,7,5,5,103,7,3,73811.7,2.8,265.93
1585,20250409,11,2,2,44,8,1,49063.14,4.6,604.62
99,20250410,1,5,3,94,6,2,77501.96,4.6,252.71
673,20250410,3,5,3,70,2,0,63379.98,3.5,168.97
782,20250410,3,6,5,79,11,2,81949.18,4.2,908.58
920,20250410,1,3,5,35,2,0,30190.48,4.6,131.51
1235,20250410,12,2,2,28,2,1,19136.99,3.0,156.73
1985,20250410,5,2,5,50,6,1,75744.12,2.6,230.69
1128,20250411,2,4,2,110,6,2,138093.52,3.8,285.73
1337,20250411,5,1,3,113,10,2,170793.22,2.7,448.97
616,20250412,6,2,5,45,2,1,99269.66,2.9,110.83
1994,20250412,1,1,3,70,2,0,63063.92,2.6,131.65
1068,20250413,4,6,3,32,7,3,18375.63,6.5,617.48
569,20250414,9,4,2,105,6,1,56102.03,3.7,215.27
600,20250414,8,6,1,106,12,1,89286.86,4.4,616.59
26,20250415,7,3,4,68,14,4,52599.47,4.8,1254.7
1715,20250416,4,5,4,99,25,8,59684.78,5.0,2339.36
2184,20250416,9,1,2,77,4,1,44316.83,2.0,160.0
1717,20250417,1,2,2,31,2,0,25096.25,4.5,111.75
984,20250418,11,6,4,62,15,3,69638.83,7.3,1088.99
2015,20250418,6,3,5,96,7,0,212747.73,4.5,362.38
2072,20250418,11,4,1,25,4,0,26895.04,2.0,361.23
934,20250419,11,3,2,49,5,0,56682.75,2.5,182.74
1130,20250419,2,2,4,108,13,6,122133.97,6.5,558.7
1221,20250419,12,2,4,110,13,4,69071.08,5.9,1054.42
2361,20250419,12,1,3,111,6,3,71291.93,3.7,210.2
244,20250420,6,4,3,32,3,1,71355.5,3.6,132.56
824,20250420,10,6,1,40,1,6,66743.27,5.4,94.15
1089,20250420,6,4,3,104,7,4,206288.49,2.1,261.0
1205,20250420,12,3,5,81,1,1,58675.11,2.0,71.94
1255,20250420,9,6,5,46,9,0,26464.36,3.7,397.78
1887,20250420,9,2,4,47,8,0,25951.63,4.6,668.87
502,20250421,10,6,3,38,6,4,69429.4,2.5,457.16
771,20250421,8,5,2,28,5,0,26522.67,3.9,368.02
986,20250421,3,4,5,106,1,1,108415.3,4.9,40.25
1812,20250421,9,1,2,58,4,1,29608.48,4.2,270.57
2324,20250421,1,4,3,31,2,1,26856.47,3.0,173.03
652,20250422,3,5,3,19,1,1,19363.74,3.9,70.01
1398,20250422,1,2,3,17,1,0,15265.62,3.9,36.2
1438,20250422,8,2,5,30,3,0,27442.88,3.4,116.79
1723,20250422,12,1,4,70,10,1,44953.79,6.9,857.18
2258,20250422,7,6,4,108,23,1,79512.65,7.3,919.96
2380,20250422,1,2,4,66,7,1,53084.06,6.2,294.78
3,20250423,9,2,2,31,2,1,16966.3,3.1,71.85
123,20250423,3,4,5,28,2,1,26044.48,2.8,156.03
1224,20250423,6,6,2,97,7,0,216877.29,4.1,637.53
842,20250424,3,2,2,25,2,0,24853.56,2.3,140.17
2086,20250424,5,1,3,43,2,3,66268.58,4.4,145.45
2396,20250424,3,6,3,101,21,4,91219.28,4.5,1635.94
730,20250425,10,1,2,83,7,3,135012.7,4.4,451.01
1277,20250425,5,2,3,19,2,0,27075.94,4.0,169.2
1693,20250425,5,2,4,96,16,3,148533.38,4.9,579.73
1981,20250425,12,6,5,95,19,2,64647.6,4.1,1502.83
2195,20250425,8,5,1,30,1,0,26079.14,3.6,81.28
1597,20250426,1,4,2,34,2,0,29325.45,5.2,126.44
2023,20250426,10,6,3,97,12,4,178943.7,5.0,992.4
255,20250427,11,1,4,84,18,2,88796.94,7.2,809.72
316,20250427,6,2,2,40,2,0,83233.4,4.2,95.02
1959,20250427,9,2,3,107,5,2,58376.6,4.2,445.11
2022,20250427,12,4,5,69,3,1,48098.04,3.0,168.3
2050,20250427,11,1,1,53,6,1,54995.68,2.4,307.86
156,20250428,2,2,3,87,2,1,104264.36,1.8,165.95
372,20250428,1,3,5,50,2,1,43047.2,2.1,125.76
237,20250429,5,6,5,77,9,0,117862.02,5.3,657.22
446,20250429,6,2,3,108,8,3,217735.55,3.0,422.02
2088,20250429,4,3,1,75,7,3,48045.58,3.6,636.88
2242,20250429,1,4,3,64,7,1,58416.62,5.1,455.79
162,20250430,5,4,4,30,5,0,43752.68,5.7,214.22
479,20250430,11,3,3,115,7,4,128611.1,4.0,449.2
1648,20250430,3,5,2,80,7,0,75623.37,4.0,656.09
108,20250501,8,5,2,28,0,0,25758.78,4.4,0.0
311,20250501,1,4,2,114,4,2,95738.22,4.5,176.95
819,20250501,12,6,2,93,17,1,61676.5,6.6,1274.56
822,20250501,4,1,2,62,7,1,40422.01,3.9,547.9
2084,20250502,1,2,1,50,6,0,41291.99,3.8,297.51
122,20250503,1,6,2,68,8,0,55910.12,4.7,301.61
1049,20250503,8,4,3,51,2,0,43584.87,2.4,88.91
2102,20250503,7,5,5,120,8,3,86057.57,3.5,558.31
80,20250504,2,5,3,31,3,1,38791.19,2.0,189.41
859,20250504,7,4,4,24,6,0,17998.51,6.7,533.62
1132,20250504,1,4,2,115,6,4,103803.61,6.0,434.94
1613,20250504,9,1,3,22,2,0,12765.69,3.1,151.38
283,20250505,5,1,3,55,3,0,86113.08,3.9,222.2
641,20250505,5,4,3,88,4,1,118424.96,4.5,379.36
736,20250505,1,5,1,94,7,1,83605.31,2.8,309.61
1306,20250505,7,4,1,94,3,2,69210.18,2.7,253.5
1427,20250505,5,4,4,92,20,2,135738.33,6.2,1480.67
312,20250506,1,5,2,40,3,0,34826.78,4.7,235.24
2280,20250506,1,2,4,103,15,4,84492.83,6.3,1416.46
1813,20250507,5,6,4,100,21,3,151828.43,6.9,1052.6
1071,20250508,3,5,2,44,3,0,39693.6,3.2,209.86
1274,20250508,1,4,2,102,5,2,85727.36,4.7,243.34
1329,20250508,5,2,5,46,5,0,63246.96,4.9,462.01
1424,20250508,3,2,4,71,19,4,64157.97,3.9,1645.55
2112,20250508,7,5,5,102,3,3,73215.7,3.9,175.44
49,20250510,10,1,3,118,5,2,203873.69,3.3,400.54
257,20250510,1,6,3,49,7,0,38861.71,6.3,453.73
416,20250510,2,2,4,83,17,3,99972.08,6.1,850.1
1298,20250510,5,6,1,71,9,0,97120.6,5.7,796.8
1668,20250510,6,1,2,22,5,0,47922.75,1.7,243.71
2034,20250510,2,4,1,46,2,0,59033.94,4.0,171.01
711,20250511,7,3,1,52,4,1,37136.43,3.3,224.35
1327,20250511,2,1,3,94,5,3,119500.85,4.4,212.8
550,20250512,7,4,5,119,10,1,83789.38,5.7,610.09
827,20250512,7,3,3,95,7,1,74176.18,3.7,317.28
2285,20250512,7,4,3,99,9,3,70795.96,2.4,643.78
98,20250513,11,4,2,29,2,0,30174.16,3.6,151.0
1696,20250513,7,5,3,23,0,0,16728.83,5.5,0.0
1703,20250513,3,4,3,28,2,0,25449.34,1.9,165.27
1973,20250513,3,6,1,101,18,2,91889.3,6.5,989.11
60,20250514,1,5,1,111,10,2,91330.95,2.7,852.42
191,20250514,1,4,5,36,4,0,29037.25,1.9,163.16
1510,20250514,11,2,5,85,2,3,88836.59,3.3,136.14
2267,20250514,4,1,4,78,15,3,49330.06,4.5,641.53
813,20250515,5,4,1,119,5,3,162744.55,3.8,470.16
1780,20250515,6,3,3,109,6,1,232690.01,3.4,307.51
75,20250516,2,2,1,57,5,1,68356.28,1.9,281.65
615,20250516,6,2,3,102,9,1,214510.45,4.2,585.34
636,20250516,12,6,3,96,15,1,67945.85,5.0,1159.29
788,20250516,5,6,2,86,10,1,123158.93,3.0,437.6
2136,20250516,7,2,2,90,7,1,71281.22,1.5,606.73
2256,20250516,3,1,2,101,8,1,97415.95,3.6,478.12
1062,20250517,12,4,4,96,14,6,63880.95,5.3,1078.69
1547,20250517,1,4,1,51,0,1,41502.98,4.6,0.0
587,20250518,9,2,4,62,10,1,32366.46,6.1,882.92
1149,20250518,4,6,4,22,7,0,13515.97,5.9,626.53
1183,20250519,3,6,3,61,7,2,57873.32,3.3,565.85
941,20250520,7,5,4,65,11,1,47743.75,5.1,928.18
1614,20250521,6,1,5,21,1,0,47003.0,3.5,56.54
422,20250522,10,6,3,39,2,3,63843.99,4.9,117.21
666,20250522,7,4,3,38,1,1,30339.66,2.9,67.1
8,20250524,9,6,2,64,11,1,33945.5,5.5,403.69
175,20250524,10,5,2,26,1,0,43460.75,4.4,91.55
184,20250524,8,3,4,44,8,0,36766.4,6.9,617.02
875,20250524,3,3,5,56,2,0,58790.92,3.4,127.39
2075,20250524,11,3,1,108,5,1,112716.22,3.1,295.8
866,20250525,8,3,4,58,10,3,51259.03,5.8,940.8
1472,20250525,2,5,1,94,5,0,117051.12,3.2,424.32
86,20250526,5,2,5,44,4,1,62548.38,3.7,211.65
204,20250526,7,5,2,45,1,0,35881.96,2.9,73.51
932,20250526,11,1,4,20,4,1,23184.32,4.6,370.45
1303,20250526,3,3,2,19,1,0,19052.65,3.9,79.94
1733,20250526,9,3,3,115,6,1,66605.65,5.6,327.13
2181,20250526,3,2,1,27,0,0,26917.76,3.7,0.0
2211,20250526,2,1,5,43,3,0,49624.22,1.9,191.28
2375,20250526,4,1,4,57,15,4,34511.74,5.1,984.86
43,20250527,1,1,2,62,5,0,56121.88,4.1,423.21
1348,20250527,12,5,5,37,0,2,23294.48,3.3,0.0
2120,20250527,6,5,1,41,3,0,81682.02,5.1,228.35
2141,20250527,8,5,4,79,11,3,74011.29,4.3,767.46
982,20250528,10,1,1,50,2,2,89442.28,4.8,118.9
1194,20250528,7,4,1,48,1,0,33909.77,4.7,38.51
1595,20250528,7,4,3,18,1,0,13405.63,5.1,79.55
223,20250529,2,5,1,38,2,0,47175.79,1.4,91.85
110,20250530,2,4,2,24,2,0,29523.54,4.4,128.85
1064,20250530,1,2,4,93,17,1,77171.42,5.0,1458.15
2155,20250530,9,3,3,61,2,0,32447.53,3.4,118.07
1041,20250531,12,5,4,67,8,1,45813.49,7.1,353.69
1539,20250531,9,5,4,75,11,1,43389.16,4.7,1009.96
1600,20250601,7,6,4,65,15,1,50589.73,8.3,637.48
541,20250602,9,2,1,54,3,1,27740.3,1.8,224.29
892,20250602,6,4,2,84,3,0,170947.0,2.7,133.58
906,20250602,4,5,3,42,10,2,25884.23,1.3,817.73
1045,20250602,12,6,3,105,12,1,71550.13,4.6,688.38
1317,20250602,5,6,3,60,7,0,84811.54,3.6,378.71
1894,20250603,2,5,5,34,2,1,42051.54,5.1,86.05
2245,20250603,1,6,4,29,3,1,25087.12,5.7,167.93
1077,20250604,7,6,4,43,15,2,33308.55,8.3,989.19
1522,20250604,8,6,2,113,12,0,98913.38,4.8,830.05
1197,20250605,5,6,4,54,14,1,79768.09,4.5,1057.6
1276,20250605,6,1,5,36,2,0,71078.82,4.9,174.85
430,20250606,2,2,3,35,0,0,39005.7,3.4,0.0
2055,20250606,8,6,5,92,10,0,76342.87,4.1,624.86
2295,20250606,9,6,3,72,8,1,36857.68,4.5,304.47
2353,20250606,10,1,3,86,7,3,158080.6,4.4,318.88
15,20250608,5,5,2,92,3,3,138238.0,2.6,280.21
177,20250608,4,4,4,104,24,5,65287.19,5.8,1214.41
212,20250608,12,1,1,75,6,0,54876.15,3.7,545.36
774,20250608,5,5,2,17,1,0,23995.92,5.1,42.56
1332,20250608,11,3,3,100,5,0,116515.99,3.1,414.27
1675,20250608,4,2,2,26,6,1,16296.93,4.4,210.47
2131,20250608,1,1,1,76,6,2,67105.03,3.4,569.83
236,20250609,1,2,5,85,2,1,72861.36,3.6,183.15
1750,20250609,5,5,3,69,7,0,102108.01,2.5,618.37
395,20250610,1,3,3,116,4,2,93464.33,4.3,146.88
1208,20250610,9,5,4,30,5,2,17380.46,4.7,360.39
1903,20250610,2,4,3,95,4,2,119992.62,3.6,142.58
2019,20250610,9,5,1,50,2,0,26038.51,4.5,137.18
2064,20250610,8,4,3,46,1,0,39402.3,3.5,62.96
225,20250611,12,6,5,19,2,1,13594.74,3.4,128.9
697,20250611,3,5,5,76,5,3,73215.39,3.5,367.73
727,20250611,10,4,5,106,7,5,188536.47,4.0,361.58
1641,20250611,4,6,2,82,17,6,48611.23,4.0,1503.28
174,20250612,5,5,2,26,1,0,37404.95,2.4,94.54
461,20250612,3,6,4,26,5,1,24610.99,5.7,388.17
681,20250612,6,6,2,90,15,0,195016.71,4.6,888.89
793,20250612,9,4,4,86,14,1,44759.33,6.7,1319.13
1119,20250612,9,5,2,45,0,1,25072.98,3.9,0.0
1137,20250613,1,1,2,19,0,0,16726.98,3.2,0.0
676,20250614,9,4,4,19,0,0,10749.46,5.7,0.0
1598,20250614,11,1,1,75,11,2,84766.97,3.8,673.63
1670,20250614,2,1,3,27,4,0,30928.25,3.4,140.29
2018,20250614,2,4,1,21,0,0,23959.22,4.5,0.0
2067,20250614,10,3,3,50,7,1,82906.72,3.4,548.88
318,20250615,9,3,5,53,2,1,30455.19,4.4,82.95
713,20250615,1,6,2,59,10,2,48972.29,5.7,573.5
1785,20250615,1,5,2,40,4,0,33838.24,2.5,163.29
1879,20250615,9,6,1,32,1,1,16771.17,3.6,59.01
731,20250616,5,4,2,47,4,1,70628.36,3.5,211.86
2268,20250616,2,1,2,41,2,0,50467.53,4.8,71.29
317,20250617,6,2,1,23,2,0,49605.06,3.0,186.12
760,20250617,11,1,4,71,16,2,77368.62,4.5,721.82
737,20250618,7,1,1,41,2,0,32692.46,4.6,161.18
1033,20250618,3,5,5,72,5,1,74636.82,2.9,314.66
1724,20250618,4,5,3,16,0,0,10259.27,2.4,0.0
1218,20250619,5,1,3,39,1,0,54530.28,4.6,56.44
2087,20250619,7,6,3,83,7,1,62605.1,5.1,458.47
1009,20250620,8,3,2,32,5,0,28327.27,1.8,361.72
1232,20250620,7,5,1,64,4,1,47226.59,2.8,245.35
1573,20250620,2,6,3,37,9,0,42196.08,6.4,390.44
1714,20250620,12,1,1,111,7,4,75635.39,3.8,497.88
13,20250621,12,4,3,23,0,1,14568.08,4.2,0.0
662,20250621,4,1,3,46,4,2,30225.25,3.5,166.81
886,20250621,6,3,1,47,3,0,100216.81,3.8,240.86
1349,20250621,12,1,1,111,4,3,80282.34,3.1,331.72
1591,20250621,10,5,3,40,4,0,65010.37,2.6,274.07
1860,20250621,1,2,3,46,1,0,39461.89,2.6,43.78
2057,20250621,8,5,3,51,5,1,45880.03,2.5,198.71
2400,20250621,7,3,4,101,17,3,77173.15,5.0,1056.61
215,20250622,2,4,2,69,3,1,81521.7,4.2,123.14
377,20250622,7,2,5,36,2,0,27796.69,2.9,123.52
557,20250622,2,5,1,26,1,0,29239.08,2.8,86.2
631,20250622,9,6,1,17,2,1,9690.72,2.3,161.14
1002,20250622,12,3,2,73,7,2,51023.33,3.4,587.96
471,20250623,4,2,1,40,5,4,23624.56,3.6,240.37
739,20250623,6,5,1,108,5,4,210454.73,2.6,459.77
757,20250623,10,1,4,16,1,0,28416.61,5.3,48.64
805,20250623,4,4,5,103,17,6,62768.04,2.5,966.99
1602,20250623,11,5,4,71,15,1,83534.86,5.1,1377.23
2058,20250623,1,6,1,70,10,3,60122.76,4.3,816.93
2344,20250623,4,1,2,19,2,1,12654.39,2.3,148.07
432,20250624,10,3,2,45,3,1,81777.39,4.2,132.35
603,20250624,12,5,4,101,12,3,67759.11,5.1,1094.23
1281,20250624,9,6,4,22,3,0,12219.5,6.7,130.61
1282,20250624,1,3,4,28,7,0,25270.5,5.0,314.24
1449,20250624,9,1,5,20,1,0,10153.81,3.9,94.24
1861,20250624,3,1,4,31,5,0,31359.89,4.2,403.21
1036,20250626,8,6,5,112,19,2,101832.53,5.2,852.24
1394,20250626,8,1,3,117,6,0,98234.21,2.3,215.99
1722,20250626,12,1,3,59,5,0,41186.13,2.0,176.3
1966,20250626,11,6,5,64,5,1,71558.73,4.5,399.6
2115,20250626,11,2,1,85,4,2,98560.66,2.7,168.79
59,20250627,6,2,1,98,8,2,214439.61,4.0,613.11
1139,20250627,7,6,4,17,5,2,12826.92,5.7,345.35
1513,20250627,3,1,5,107,6,1,102630.47,4.2,559.31
1742,20250627,11,6,5,80,13,1,87033.96,3.7,542.99
1845,20250627,5,5,5,47,2,0,66239.23,1.3,169.17
62,20250628,3,5,1,77,4,1,76013.32,4.6,223.0
878,20250628,3,3,2,61,1,3,58864.76,5.4,80.59
2125,20250628,10,3,3,45,3,2,73213.11,3.7,242.1
2172,20250628,2,5,2,19,0,1,21100.3,4.6,0.0
378,20250629,11,3,2,112,8,2,117824.22,3.7,750.96
391,20250629,12,5,1,48,1,1,33121.32,4.2,91.89
512,20250629,2,6,2,44,3,0,49461.34,4.0,212.24
2043,20250629,9,3,4,47,5,0,25523.61,6.5,343.83
2325,20250629,4,1,3,119,14,8,75411.14,5.3,754.46
1899,20250630,1,2,3,20,1,0,17595.38,3.4,82.72
360,20250701,6,6,5,111,14,1,223776.33,5.1,708.94
463,20250701,11,4,3,105,9,1,108785.59,2.3,431.3
895,20250701,3,4,2,59,0,2,58103.88,2.5,0.0
2044,20250701,6,3,5,104,8,3,215859.63,2.6,387.19
2294,20250701,11,3,3,21,2,0,21465.69,4.9,107.19
1234,20250702,10,6,4,18,3,1,31527.88,7.3,186.3
1984,20250702,7,5,3,88,9,2,69130.8,4.2,459.47
2049,20250702,7,3,3,63,5,2,51495.26,3.7,266.13
2352,20250702,2,3,1,38,2,1,48584.6,4.1,140.79
1378,20250703,11,4,5,58,3,0,61800.44,2.1,229.81
1667,20250703,11,3,1,30,2,0,31484.57,2.3,115.02
2099,20250703,3,6,5,116,12,0,117772.5,5.5,584.81
2348,20250703,4,3,3,120,18,6,77226.83,3.3,845.3
2362,20250703,11,5,2,68,4,1,72230.22,4.2,270.39
493,20250704,5,3,2,78,1,0,119433.92,5.0,83.28
1065,20250704,5,6,1,44,10,1,66702.7,4.5,840.28
1790,20250704,11,3,2,94,3,1,108081.67,3.7,217.57
1995,20250705,7,5,2,79,4,1,55707.79,3.9,299.49
1098,20250706,6,6,3,85,10,2,167110.45,4.3,939.57
247,20250707,7,5,1,75,8,1,54751.48,5.3,635.72
1073,20250707,9,5,1,50,3,3,26468.1,2.9,275.87
42,20250708,1,1,4,90,6,4,73004.78,6.1,245.99
234,20250708,7,1,4,94,12,1,71651.1,4.4,690.54
1674,20250708,12,6,5,42,4,1,29261.39,3.8,174.95
51,20250709,11,6,2,46,5,3,52418.19,1.7,245.08
1301,20250709,2,2,2,21,1,0,25605.7,4.3,43.97
1868,20250709,12,2,3,109,2,2,71439.72,3.1,106.52
2365,20250709,6,4,5,41,3,0,83387.73,3.3,202.3
14,20250710,8,4,1,58,4,2,53637.59,2.8,201.23
1204,20250710,8,4,5,36,2,0,30686.2,2.9,106.87
742,20250711,5,1,5,90,3,0,127644.02,4.2,191.28
1134,20250711,12,2,1,60,2,2,43382.65,2.4,149.08
1275,20250711,8,6,5,65,9,1,62385.52,3.7,413.77
1671,20250711,2,1,1,59,3,2,65501.53,4.7,154.75
2176,20250711,10,5,3,31,2,0,51206.43,3.3,126.5
2281,20250711,4,3,3,39,4,4,24664.17,3.4,195.05
207,20250712,7,3,5,108,6,0,87123.4,1.4,363.83
714,20250712,12,6,5,49,8,0,35911.28,6.3,592.61
2174,20250712,11,5,2,42,3,1,47455.66,3.1,121.41
128,20250713,12,4,4,97,7,3,63404.5,4.7,425.14
489,20250713,2,2,1,59,4,1,69228.65,2.8,173.81
1822,20250713,7,6,3,96,20,2,78092.87,3.6,1805.52
2107,20250713,4,1,4,116,25,11,66421.78,6.5,2214.01
423,20250714,2,6,5,79,5,2,90981.97,4.6,199.28
657,20250714,10,1,1,97,5,6,156313.87,5.7,357.11
89,20250715,7,3,3,43,2,2,31330.55,3.3,131.28
320,20250715,2,1,1,90,8,2,111047.64,5.1,511.29
1148,20250715,11,6,2,78,10,3,90672.47,5.2,762.13
1775,20250716,5,1,1,83,7,2,129579.87,3.7,391.43
2121,20250716,12,2,2,64,2,1,41462.86,3.6,131.48
645,20250717,3,2,1,26,0,0,24484.96,4.5,0.0
911,20250717,7,2,2,77,6,1,57128.22,3.2,220.93
1061,20250717,5,4,4,76,7,1,115582.98,5.5,641.41
173,20250718,9,6,3,102,12,1,53134.16,4.6,557.75
370,20250718,12,1,3,47,6,1,33517.55,3.3,497.31
864,20250718,11,3,2,112,7,1,127183.65,3.5,412.92
1058,20250718,1,3,4,61,7,3,55598.6,6.0,519.55
1691,20250718,9,6,5,102,11,2,57911.36,3.8,415.07
1825,20250718,10,4,5,48,1,0,80958.67,4.1,49.59
1870,20250718,7,3,3,31,1,0,22206.86,3.8,72.5
2,20250719,7,4,2,61,2,2,46731.51,3.9,167.22
1278,20250719,10,2,3,115,8,5,214193.27,2.5,750.85
1558,20250719,9,1,5,105,10,1,52634.9,3.6,856.86
734,20250720,1,3,3,53,0,1,45041.61,3.5,0.0
1339,20250720,9,1,1,86,4,1,47494.57,3.1,289.66
2212,20250720,4,4,2,108,9,7,64088.25,3.5,748.78
2320,20250720,2,4,5,47,1,0,55364.97,2.9,43.5
836,20250721,7,4,3,19,4,1,15391.98,3.6,206.9
1611,20250721,5,6,5,60,7,0,93250.87,5.7,318.06
50,20250722,3,6,4,58,13,0,57809.74,6.0,1193.52
402,20250722,6,3,1,38,1,1,74926.58,2.9,39.45
815,20250722,7,4,4,50,6,5,35851.17,6.5,345.17
1242,20250722,12,3,1,55,3,2,35133.56,2.6,153.17
1469,20250722,3,2,1,58,5,2,53894.76,2.9,194.04
1914,20250722,2,4,4,30,7,0,36125.15,5.7,482.62
2096,20250722,8,5,2,38,2,1,35391.18,4.5,178.97
210,20250723,10,2,1,90,8,4,161786.87,4.0,605.24
598,20250723,5,3,1,102,2,3,154681.78,4.0,79.1
602,20250723,9,5,1,74,6,0,40690.99,4.0,263.57
1313,20250723,10,3,5,33,1,1,55963.85,2.2,62.89
1441,20250723,11,4,3,82,3,1,94855.42,2.9,253.36
1731,20250723,1,1,5,120,5,3,101531.7,4.5,358.68
107,20250724,6,2,3,48,7,2,107721.41,3.6,491.47
112,20250724,11,4,1,115,6,1,135237.71,4.2,569.81
766,20250724,5,4,3,15,2,0,21548.46,3.5,105.35
1498,20250724,1,6,3,86,11,0,69058.26,3.5,618.21
25,20250725,5,3,3,106,9,1,154348.94,2.7,377.83
806,20250725,9,1,5,33,2,0,16656.24,2.1,167.31
1212,20250725,9,5,4,92,18,0,48814.62,6.9,1371.34
278,20250726,11,1,4,81,14,1,91342.55,4.7,967.23
690,20250726,6,3,1,50,5,0,97073.33,1.6,270.37
1416,20250726,1,4,2,57,3,0,52213.9,3.3,121.68
1726,20250726,7,1,2,71,5,0,55306.15,2.9,429.05
160,20250727,8,6,1,53,11,2,50665.73,4.1,403.2
476,20250727,7,2,1,35,1,0,26206.11,2.7,48.78
613,20250727,1,4,1,106,4,3,93696.59,3.2,262.97
918,20250727,5,5,2,60,5,1,81357.44,4.1,262.74
16,20250728,6,2,2,78,2,1,157641.16,2.5,80.31
725,20250728,6,4,1,68,3,1,147909.07,4.7,207.24
955,20250728,12,1,3,113,7,2,74953.17,4.2,254.67
106,20250729,2,4,2,100,11,4,125941.84,4.3,397.88
249,20250729,12,2,4,85,14,5,56550.76,5.2,1009.12
990,20250729,9,6,2,95,17,1,52550.0,4.9,1275.63
1430,20250729,2,3,1,26,2,1,29563.71,4.3,78.49
2009,20250729,4,1,2,80,10,1,50893.68,3.4,885.81
2284,20250729,1,4,2,77,4,2,63947.39,1.1,325.57
213,20250730,3,4,4,51,7,1,50547.82,4.6,282.32
1461,20250731,7,1,5,92,9,3,66587.72,4.7,812.3
1414,20250801,6,2,3,32,1,0,66430.34,5.1,65.93
2236,20250801,10,2,3,97,7,4,158782.85,4.2,561.61
559,20250802,7,1,5,111,6,1,83823.74,3.4,363.22
639,20250802,4,3,4,58,15,2,34658.65,8.1,1392.88
261,20250803,6,4,3,71,7,3,143875.83,4.2,245.9
1133,20250803,1,3,4,40,7,0,34778.87,6.3,265.54
1254,20250803,7,2,4,115,18,2,85417.35,2.7,786.71
1617,20250803,4,2,2,73,11,6,42931.6,2.7,512.99
1980,20250803,12,2,5,64,7,0,44106.27,3.8,329.8
1986,20250803,9,6,4,29,8,0,16357.12,6.6,449.62
71,20250804,11,2,2,86,8,0,90989.09,2.7,366.33
135,20250804,10,3,2,57,3,5,101624.73,2.1,140.71
692,20250804,5,5,5,103,6,1,154008.49,2.9,360.82
745,20250804,10,2,5,90,5,3,153649.66,2.8,216.36
1684,20250804,10,4,2,99,6,5,164385.9,3.3,434.15
105,20250805,1,2,5,22,1,0,17274.79,4.0,58.7
484,20250805,1,5,4,30,3,0,27382.43,4.8,268.46
2206,20250805,6,1,2,29,2,2,63410.67,4.1,121.97
2257,20250805,2,3,1,83,5,1,100422.14,3.9,297.1
1736,20250806,12,5,4,109,12,2,78322.37,7.3,949.97
2005,20250806,4,3,4,87,22,7,57570.7,5.5,1441.6
716,20250807,6,5,5,77,5,1,154718.03,3.4,428.3
1012,20250807,12,4,1,82,3,2,55636.85,3.5,276.78
1578,20250807,12,1,4,66,9,1,46914.02,5.3,851.99
591,20250808,6,2,5,17,2,0,35288.42,4.4,103.54
686,20250808,5,2,1,48,3,1,66628.84,4.1,141.03
852,20250808,9,5,5,61,2,2,31428.04,4.7,93.71
860,20250808,5,5,5,40,1,1,56156.55,4.7,52.54
1087,20250808,5,6,1,90,10,3,120301.55,6.0,805.55
1284,20250808,7,6,5,101,16,3,78337.89,5.6,1297.08
2296,20250808,11,6,4,85,9,4,97715.21,5.4,752.0
596,20250809,8,1,3,83,2,4,69717.11,3.9,187.4
1199,20250809,4,5,5,25,2,1,15137.01,3.5,185.31
1260,20250809,6,3,2,78,5,0,169049.54,3.3,359.04
428,20250810,12,5,1,91,5,0,57541.02,3.7,267.24
472,20250810,12,3,3,36,1,0,22766.48,4.3,40.48
551,20250810,1,2,4,80,8,5,64155.59,6.4,489.32
92,20250811,4,4,4,46,6,4,29357.55,5.1,212.11
103,20250811,10,4,5,54,5,1,87941.18,3.3,471.88
654,20250811,5,5,3,61,4,1,84529.38,2.9,174.86
1749,20250811,11,4,5,39,1,2,42054.37,5.3,36.42
2093,20250811,9,1,4,89,18,4,48753.54,7.3,1259.78
291,20250813,9,6,1,73,11,0,38629.36,4.2,913.49
336,20250813,2,1,2,48,1,1,57406.78,3.7,56.15
837,20250813,5,2,5,50,5,3,77961.98,2.0,224.87
1001,20250813,10,1,3,93,6,3,169001.98,2.2,541.19
1334,20250813,12,3,3,99,7,0,67107.93,4.6,513.13
227,20250814,12,2,3,111,6,3,80754.42,3.9,324.69
1219,20250814,6,5,4,68,8,2,141647.17,4.9,379.03
2161,20250814,6,2,4,36,4,0,78841.85,6.2,339.26
885,20250817,5,4,4,26,3,1,36304.67,7.4,107.59
1574,20250817,4,5,2,75,12,6,43356.53,3.7,677.69
2159,20250817,10,2,4,119,19,6,212040.26,5.7,823.2
166,20250818,6,1,3,78,5,2,166496.58,2.6,334.86
1426,20250818,11,5,2,64,4,1,74633.01,3.1,207.46
514,20250819,3,3,5,73,6,1,69808.26,3.4,551.45
1535,20250819,3,1,4,107,21,2,105115.62,5.8,1652.9
1843,20250819,10,6,3,49,5,3,91168.16,4.6,177.46
2196,20250819,1,5,3,104,6,0,93204.91,4.4,538.53
741,20250820,6,2,4,82,6,3,181758.28,7.4,445.59
1965,20250820,7,3,5,34,3,0,25120.44,3.3,261.84
1964,20250821,12,6,4,120,28,4,76475.38,7.0,2591.82
2338,20250821,5,6,2,80,7,3,119724.17,4.4,436.95
849,20250822,2,6,4,60,13,1,72315.6,6.6,502.95
867,20250822,9,2,2,49,3,2,27177.68,4.2,194.94
149,20250823,6,2,5,90,9,2,202254.12,2.8,642.48
1025,20250823,8,4,5,118,5,1,99671.61,3.0,455.71
1231,20250823,6,6,1,46,5,0,91243.9,4.3,234.68
2288,20250823,4,2,2,101,13,9,61127.14,4.9,762.89
28,20250824,5,4,5,114,4,0,172186.72,2.5,212.73
1264,20250824,12,1,1,61,3,3,39278.85,4.3,258.19
1587,20250824,4,3,2,75,8,4,48383.12,2.9,432.88
2326,20250824,6,6,5,67,11,2,142107.79,3.1,475.23
2334,20250824,4,6,4,96,31,6,55801.55,8.4,1273.42
2372,20250824,10,5,5,53,4,1,87246.2,3.5,163.4
524,20250825,7,3,1,32,1,1,25067.22,5.9,46.12
433,20250826,4,2,5,105,11,3,66055.79,2.8,844.51
605,20250826,9,1,4,86,11,2,45492.09,6.0,418.3
794,20250826,3,4,1,61,5,1,58638.55,4.5,282.86
1603,20250826,1,2,4,58,16,0,51085.31,4.5,916.88
1923,20250826,6,2,5,41,1,0,80932.45,4.8,91.71
38,20250827,9,1,2,72,3,2,40593.55,3.5,182.57
302,20250827,10,4,1,39,2,1,72263.42,1.8,126.23
1040,20250827,10,5,3,49,1,3,87605.92,3.4,41.64
1987,20250827,4,4,1,33,6,1,19705.3,3.1,282.19
2081,20250827,6,2,3,43,3,1,95596.7,3.1,245.08
553,20250828,12,1,2,57,3,0,36636.04,3.9,266.0
1971,20250828,7,4,3,24,0,0,16863.28,4.3,0.0
334,20250829,3,1,3,54,3,1,55982.78,2.2,200.25
482,20250829,3,5,4,40,11,1,41475.13,6.3,552.64
388,20250830,1,1,1,52,1,2,43550.36,2.3,70.72
545,20250830,10,2,1,39,2,2,63415.15,4.1,138.56
84,20250831,4,1,1,60,3,7,37325.03,2.6,232.37
90,20250831,5,3,1,56,4,0,86007.85,3.6,232.75
101,20250831,9,3,4,18,3,0,9684.26,6.6,257.42
2246,20250831,5,1,2,94,5,1,146722.44,2.4,246.98
2286,20250831,9,6,4,30,6,1,17139.43,7.6,392.41
582,20250901,1,6,1,58,7,1,47987.78,4.4,505.28
611,20250901,5,1,3,38,1,0,55588.29,5.2,75.56
1933,20250901,11,4,5,115,5,4,136503.76,3.0,213.03
1097,20250902,2,1,4,28,1,0,36029.24,6.8,90.99
1865,20250902,8,5,4,29,3,0,26623.75,5.8,242.56
589,20250903,11,3,5,27,2,0,29483.15,2.4,75.22
816,20250903,4,5,1,113,9,9,67668.91,2.2,563.67
1080,20250903,10,1,4,44,9,8,78136.73,5.9,641.38
1650,20250903,6,1,3,16,1,0,34626.8,4.0,51.32
868,20250904,9,5,3,57,4,0,30491.94,3.2,222.17
1016,20250904,5,1,4,46,3,1,61866.54,6.0,133.53
19,20250905,4,4,2,58,8,6,33683.47,2.9,658.08
1086,20250905,1,5,1,107,4,4,95256.01,3.1,354.64
1659,20250905,3,3,2,83,11,1,79421.62,3.7,939.48
1961,20250905,1,1,4,55,10,2,48391.45,5.7,749.08
1969,20250905,12,4,4,69,8,0,45190.41,5.4,706.12
2208,20250905,6,4,2,99,5,0,206336.54,4.3,336.32
459,20250906,9,5,4,69,13,1,39515.96,3.8,610.44
513,20250906,6,2,2,20,1,0,40134.05,3.9,82.89
963,20250906,1,2,2,49,3,0,38773.09,2.2,250.56
1125,20250906,4,6,3,104,18,3,67038.56,4.7,1160.24
1500,20250906,12,2,5,63,2,1,45434.64,4.1,114.76
93,20250907,12,1,2,77,5,1,56231.45,3.7,431.47
1024,20250907,5,1,5,41,3,0,59165.09,4.3,246.39
590,20250908,6,6,5,120,15,0,260167.57,6.0,1380.3
1093,20250908,5,1,1,89,4,0,122107.58,2.5,304.55
1126,20250908,3,1,5,30,3,1,30417.23,3.9,186.37
2168,20250908,9,4,4,116,26,3,58249.58,4.6,2135.35
723,20250909,6,5,3,66,3,3,145072.26,3.0,209.89
1144,20250909,10,4,4,120,17,7,197972.98,5.3,1517.26
1599,20250909,9,4,5,68,9,1,38434.62,1.4,667.23
361,20250910,2,3,4,26,2,1,33353.8,4.4,172.63
775,20250910,12,5,1,92,6,1,59747.73,2.5,311.34
865,20250910,7,4,4,36,2,2,29062.88,6.1,83.0
1844,20250910,1,3,3,21,1,0,16808.62,3.3,57.47
1884,20250910,6,5,1,82,4,3,178940.61,4.0,140.62
2036,20250910,12,5,3,36,0,2,24484.59,5.3,0.0
477,20250911,8,2,4,74,11,2,63819.83,7.0,462.07
1163,20250911,6,5,4,100,15,3,196869.87,6.2,886.85
1657,20250911,11,2,1,23,1,2,23814.23,3.8,54.35
1863,20250911,4,3,4,77,16,5,47318.08,5.6,741.49
2149,20250911,7,3,1,23,1,0,16442.69,3.5,85.92
650,20250912,9,2,2,73,5,3,38582.98,3.8,217.35
856,20250912,3,2,4,15,1,0,13866.68,5.8,69.42
1548,20250912,5,6,1,106,18,0,162900.25,2.6,889.71
297,20250913,2,4,4,99,19,1,117518.28,6.7,1457.85
780,20250913,3,3,5,75,5,1,71539.71,5.6,204.1
1007,20250913,5,3,3,71,4,1,108596.66,4.7,286.37
1158,20250913,5,5,4,37,6,1,53555.37,4.5,257.12
2319,20250913,5,3,5,48,3,0,70051.91,3.5,156.05
560,20250914,6,3,3,91,3,2,202798.72,2.0,282.11
882,20250914,10,5,3,29,4,1,53544.62,1.4,190.77
1150,20250914,8,4,4,83,25,2,68939.41,5.0,883.38
1465,20250914,8,4,2,101,4,2,85143.17,5.7,183.29
1856,20250914,4,6,4,49,17,3,32558.98,6.9,1285.16
1896,20250914,12,4,2,116,12,2,82320.04,3.3,758.46
146,20250915,5,5,2,88,6,2,126832.48,5.3,487.77
1310,20250915,11,4,5,113,6,3,128960.29,2.0,419.51
1314,20250915,3,4,1,33,4,0,31728.99,3.3,276.16
1552,20250915,3,1,1,28,2,1,26188.91,2.7,118.32
643,20250916,4,6,5,74,9,2,42397.9,4.0,635.08
835,20250916,7,5,5,79,5,2,62055.74,3.5,209.59
1127,20250916,2,5,2,99,5,1,125136.62,4.0,306.71
1401,20250916,12,6,5,105,14,2,76056.7,3.9,950.14
2150,20250916,11,4,4,32,5,2,33735.5,5.9,338.93
2377,20250916,5,5,2,71,4,1,110509.65,3.4,203.08
125,20250917,1,2,3,45,1,1,40816.14,3.6,89.85
151,20250917,8,2,4,45,9,2,41695.05,4.7,647.41
1347,20250917,6,4,4,98,12,1,207179.26,7.0,445.65
1560,20250917,3,4,1,94,3,0,87282.88,3.4,198.04
232,20250918,9,6,5,101,13,0,57709.28,4.8,898.06
610,20250918,10,5,2,102,6,7,187628.9,3.4,471.57
1042,20250918,1,6,5,24,6,1,20246.35,5.6,400.89
2153,20250918,2,5,1,72,9,3,83642.96,3.7,552.55
6,20250919,10,5,3,19,1,2,31808.7,3.2,73.98
37,20250919,8,1,5,120,11,1,110638.5,2.9,658.23
1292,20250919,8,6,2,43,6,1,38242.57,5.5,348.76
1706,20250919,6,2,4,77,11,3,170872.19,5.5,979.14
1247,20250920,8,1,3,17,1,0,15622.24,3.9,76.4
668,20250921,9,3,1,65,3,0,34532.78,3.9,162.58
1419,20250921,8,1,1,31,1,1,27659.87,3.3,40.81
1735,20250921,12,6,2,78,10,2,53396.83,3.1,787.6
2098,20250921,5,2,2,25,0,0,34755.44,4.1,0.0
2198,20250921,1,3,3,71,1,2,59245.6,2.8,55.36
2332,20250921,9,5,2,40,1,0,20274.03,2.6,89.7
1486,20250922,5,6,3,78,7,0,121059.01,4.5,579.4
1589,20250922,5,2,1,111,10,1,161431.87,2.6,696.94
427,20250923,5,2,2,117,4,4,176356.74,5.4,253.72
829,20250923,9,3,3,48,3,1,25978.18,3.3,236.26
1509,20250923,3,3,3,39,2,1,38210.9,3.9,79.09
1521,20250923,12,5,4,42,4,0,27931.64,6.6,348.26
1280,20250924,9,4,4,31,3,2,16267.51,4.8,218.83
1734,20250924,7,2,1,42,3,1,30850.84,1.6,272.55
1214,20250925,1,4,1,52,4,0,47728.71,3.2,160.78
1325,20250925,1,1,3,19,1,0,16573.43,5.1,68.94
492,20250926,7,6,3,120,19,1,91045.36,4.1,1356.01
504,20250926,8,3,2,59,7,0,50491.54,1.5,364.78
1023,20250926,8,6,4,120,28,4,103138.74,8.3,1308.27
2105,20250928,1,4,3,25,3,0,21936.46,2.8,162.54
921,20250929,2,6,3,119,15,2,138405.61,3.8,860.69
1658,20250930,7,4,2,21,1,1,16746.79,3.6,48.18
2390,20250930,8,1,2,75,4,1,63365.73,3.0,315.59
396,20251001,11,3,4,64,11,0,66633.0,3.4,411.71
558,20251001,6,5,1,52,3,0,114883.23,4.7,138.0
1245,20251001,12,4,4,95,12,2,63385.7,4.8,501.55
1408,20251001,2,5,2,81,6,1,101812.69,4.3,362.32
1898,20251001,10,5,4,117,17,4,205931.39,6.7,1195.08
1943,20251001,6,4,1,31,1,1,60714.34,3.1,49.67
2142,20251001,8,3,1,82,5,0,73144.16,4.2,361.38
2386,20251001,5,5,2,117,6,0,158148.29,2.9,478.11
1824,20251002,7,6,3,73,12,2,55657.94,5.7,497.43
781,20251003,3,4,5,93,2,4,89430.25,5.0,155.91
2001,20251003,5,6,3,109,8,2,149116.87,6.1,432.4
2227,20251003,1,2,3,73,5,1,60557.6,1.9,324.61
812,20251004,4,2,1,17,2,0,11142.9,2.8,144.38
1201,20251004,6,4,4,69,18,1,156282.69,3.8,691.52
1716,20251004,6,2,3,99,8,1,194716.17,3.2,541.79
1893,20251004,6,5,4,15,3,0,33046.33,4.7,194.87
2304,20251004,11,4,3,63,5,3,73270.18,4.1,437.44
1371,20251005,6,4,5,42,4,1,88975.38,2.9,378.73
1634,20251005,4,3,3,61,7,6,35379.25,4.3,608.27
1713,20251005,2,1,4,89,9,2,111028.38,6.5,685.35
517,20251006,8,4,4,118,17,4,100781.01,5.2,650.18
1141,20251006,9,2,5,78,2,1,40407.67,1.7,147.98
1792,20251006,5,6,2,45,7,0,66630.39,4.2,305.1
1815,20251007,9,2,5,62,4,0,33356.08,3.2,319.92
904,20251008,4,3,4,21,6,3,13062.43,8.6,374.73
2240,20251008,12,5,1,46,8,1,29317.46,4.9,504.84
375,20251009,7,2,3,73,7,2,57266.79,3.6,569.48
1004,20251009,12,6,4,80,22,2,55364.47,5.9,1939.8
1324,20251010,12,3,5,26,4,0,17113.43,3.8,188.27
1375,20251010,6,3,5,101,10,2,225294.77,3.9,360.07
1752,20251010,7,5,4,110,17,2,89440.31,5.2,1086.63
2091,20251010,3,1,3,26,5,0,23927.14,2.9,273.92
35,20251011,6,6,2,91,20,2,197566.66,5.3,701.37
565,20251011,9,2,3,61,4,0,34524.96,2.5,368.6
1912,20251011,11,3,4,79,17,3,82067.67,4.3,1468.17
1606,20251012,12,6,1,110,13,0,76582.93,3.8,499.77
1692,20251012,1,4,3,39,1,1,33910.01,3.0,89.16
358,20251013,8,1,4,101,15,3,85410.71,4.8,624.1
362,20251013,6,1,1,111,9,1,245319.7,4.2,440.95
389,20251013,1,5,1,85,6,2,67825.87,3.9,343.17
1389,20251013,12,1,3,63,0,0,40347.39,2.3,0.0
48,20251014,8,1,5,89,3,3,78609.89,3.4,259.69
2042,20251014,5,6,2,88,16,1,121056.69,4.5,1030.18
2300,20251014,1,6,1,84,8,0,70390.1,4.9,721.75
364,20251015,1,6,5,38,4,1,29762.19,6.0,264.51
579,20251015,4,3,3,103,12,7,60717.78,3.9,470.91
2061,20251015,2,5,2,56,5,1,63548.95,3.3,472.18
1304,20251016,11,1,1,75,2,2,85112.32,4.1,178.71
304,20251017,11,3,3,93,3,0,107206.92,4.1,118.67
828,20251017,5,1,1,111,6,0,165529.76,4.8,257.12
1384,20251017,10,6,1,85,11,2,137147.11,3.3,651.2
1557,20251017,7,5,4,39,9,0,31983.74,4.9,791.87
1632,20251017,7,5,4,39,4,5,30658.85,6.7,216.12
1878,20251017,10,2,1,111,5,5,209150.33,2.9,283.81
95,20251018,6,3,2,27,4,1,59069.6,3.0,312.77
740,20251018,6,6,1,50,3,0,103788.27,4.2,200.29
1471,20251018,1,4,4,54,8,0,43242.17,4.1,729.18
179,20251020,12,6,2,82,10,1,53726.93,6.0,603.57
220,20251021,12,4,4,37,5,0,27032.3,6.1,407.63
592,20251021,8,1,4,73,23,1,68827.59,4.6,1722.37
1037,20251021,4,6,5,18,6,0,10295.39,5.5,386.86
1315,20251021,9,2,3,16,3,0,8943.14,3.3,235.13
1428,20251021,7,4,5,49,5,1,37241.24,4.4,433.07
1826,20251021,3,4,5,119,9,0,112547.37,3.7,560.82
1206,20251022,2,2,1,55,2,3,68784.55,2.4,95.87
1732,20251022,12,2,1,88,7,1,58010.23,2.9,348.45
67,20251023,4,3,4,79,16,5,52687.95,5.0,1075.05
345,20251023,3,4,3,32,3,1,29093.51,2.1,284.23
2287,20251024,12,3,2,54,2,3,38647.34,4.7,181.46
1108,20251025,10,6,3,84,16,4,156257.19,6.9,562.68
1287,20251025,2,3,3,15,0,0,18330.11,2.4,0.0
2068,20251025,12,2,2,84,4,0,60789.48,5.2,179.99
202,20251026,3,1,5,67,4,1,68204.0,3.0,355.76
843,20251026,11,5,5,51,1,1,53240.64,2.6,67.29
1154,20251026,9,4,4,42,9,1,23610.15,3.5,726.78
1390,20251026,4,3,5,106,9,3,61362.86,3.0,790.6
1569,20251026,8,1,1,93,10,0,78679.89,4.2,743.25
840,20251027,1,6,4,28,8,0,23438.69,6.8,337.96
2114,20251027,11,6,5,76,10,0,83650.92,3.3,850.21
943,20251029,2,6,3,84,13,1,107297.34,3.1,1141.33
1708,20251029,11,3,4,53,8,1,53677.48,6.5,726.54
2101,20251029,9,1,2,87,6,1,50394.8,3.9,307.08
2164,20251029,3,5,1,38,3,0,37738.04,2.5,193.69
1507,20251030,9,5,3,80,5,2,42169.39,3.4,269.26
2113,20251030,2,2,3,104,10,0,133470.75,4.0,460.06
324,20251031,5,5,2,31,3,3,43902.07,3.4,239.78
529,20251031,3,2,2,37,6,0,38908.48,4.4,472.42
642,20251031,4,4,2,80,10,4,47862.61,4.3,771.81
1354,20251031,4,3,3,37,5,3,24207.06,3.8,349.71
1951,20251031,8,5,5,53,1,1,44514.2,3.6,77.59
2305,20251031,9,2,1,68,5,1,35786.65,2.8,206.28
153,20251101,3,5,2,99,8,0,104321.99,3.3,701.47
1170,20251101,3,1,5,40,5,0,41964.91,3.5,419.27
1948,20251101,2,1,2,70,7,0,89530.29,1.9,587.27
2383,20251101,5,1,5,66,5,2,92176.34,3.9,306.47
669,20251102,2,4,4,53,9,1,61985.8,5.4,319.99
804,20251102,2,3,2,33,3,1,40476.94,3.8,238.45
1103,20251102,4,1,3,58,4,4,37195.6,3.8,244.3
1530,20251102,9,4,4,113,20,3,62880.02,4.8,953.06
1564,20251102,5,2,2,55,2,0,85171.07,2.1,107.17
715,20251103,5,4,1,70,9,1,100373.3,3.7,579.77
969,20251103,6,3,3,115,9,0,241763.43,4.4,676.73
1081,20251103,10,1,4,107,17,6,200713.15,3.5,1104.29
1705,20251103,1,3,4,92,17,5,78283.61,4.6,1092.48
530,20251104,8,3,5,112,12,0,98293.44,4.3,828.92
733,20251104,10,4,3,68,11,3,114084.71,3.3,641.4
1006,20251104,5,1,3,91,1,2,125570.31,4.8,51.27
1972,20251104,3,5,4,93,21,3,90688.29,6.3,1380.55
2014,20251104,9,4,5,89,10,1,51543.8,2.8,830.86
61,20251105,5,1,2,34,4,1,46997.12,2.4,331.68
527,20251105,8,4,1,61,3,0,58301.6,2.2,205.36
1262,20251106,6,5,5,52,5,0,106145.74,3.3,410.92
1623,20251106,7,2,4,62,7,0,43569.95,4.6,412.42
1679,20251106,3,5,2,34,4,0,34098.41,2.2,171.46
1990,20251106,8,5,2,96,5,1,85377.38,1.7,238.75
2166,20251106,5,6,4,98,22,2,132006.44,5.8,868.63
264,20251107,6,4,5,81,9,1,180945.73,3.6,710.85
452,20251107,5,3,3,79,8,1,114076.87,4.7,704.14
577,20251107,6,2,5,94,14,2,190687.63,3.1,1079.07
586,20251107,8,6,3,51,11,0,42980.94,4.5,437.84
1067,20251107,7,5,1,62,7,0,44983.93,4.0,516.35
24,20251108,10,6,2,87,18,5,156893.06,4.5,1299.07
499,20251108,10,2,1,82,6,6,154694.22,3.2,234.49
1182,20251108,10,5,1,74,3,4,122843.27,2.6,149.1
421,20251109,7,2,5,36,5,1,27276.41,1.6,266.8
438,20251109,11,5,4,78,15,1,89817.26,6.4,1234.95
862,20251109,6,2,3,99,9,0,215258.27,3.9,536.19
693,20251111,9,2,2,23,1,0,12148.36,4.6,65.04
722,20251111,12,4,2,120,10,3,86802.6,2.2,600.03
1143,20251111,2,2,2,66,7,0,80866.16,4.0,312.22
1273,20251111,8,5,3,68,8,0,65312.59,3.2,463.43
1516,20251111,1,1,2,50,4,0,42280.8,5.6,294.62
1751,20251111,4,4,1,81,15,4,50265.41,3.8,1361.28
1533,20251112,9,2,2,80,12,0,43127.09,2.8,479.54
1977,20251112,4,4,1,98,13,2,63355.82,4.3,1017.26
2228,20251112,3,6,5,43,5,0,38811.01,5.3,465.51
470,20251113,3,4,2,80,14,0,84150.26,2.5,1094.11
491,20251113,2,5,5,31,1,0,37507.17,4.0,39.42
409,20251114,10,3,2,114,12,10,208240.96,4.2,1040.2
1443,20251114,7,6,5,45,8,1,34536.15,5.8,300.6
1766,20251114,9,2,4,33,11,2,19217.16,5.9,421.18
348,20251115,10,5,5,107,12,5,176444.18,2.8,1102.54
382,20251115,12,5,2,15,0,0,9491.67,3.0,0.0
680,20251115,6,4,1,104,10,0,205258.67,3.0,776.9
754,20251115,10,4,1,35,5,1,58350.0,2.0,212.81
764,20251115,4,1,3,55,10,4,33859.8,3.3,640.65
2148,20251115,11,3,2,31,3,2,33493.64,1.9,178.04
2169,20251115,4,4,4,52,14,4,31698.44,6.8,937.0
2289,20251115,1,1,3,109,15,1,95471.77,3.9,1336.14
181,20251116,5,6,4,49,7,0,66952.33,8.1,623.51
286,20251116,6,3,5,78,7,0,173421.42,2.7,561.24
1447,20251116,10,5,4,62,12,0,107070.94,5.0,614.42
319,20251117,7,6,2,86,13,1,65886.81,4.9,921.48
1689,20251117,12,1,3,43,3,0,28105.53,4.5,125.84
2097,20251117,4,2,4,89,27,8,53855.78,5.4,1631.44
2233,20251117,4,6,5,83,13,2,53076.92,4.2,964.09
81,20251118,8,3,4,16,2,0,15063.33,6.7,101.84
936,20251118,3,4,4,107,14,3,102533.11,4.7,798.77
1109,20251118,1,5,4,97,19,2,87084.73,5.7,847.36
1910,20251118,8,3,2,24,2,0,21894.82,3.1,90.28
1837,20251119,12,1,4,28,4,0,19008.72,5.9,190.87
1874,20251119,4,4,4,79,20,7,45797.77,4.7,1350.46
1681,20251120,11,4,3,32,5,2,36946.42,5.3,474.68
694,20251122,3,2,2,109,8,1,98546.88,2.7,475.04
926,20251122,10,2,1,31,2,0,55987.53,4.8,109.76
2221,20251122,8,4,3,91,12,1,75969.0,3.7,1099.92
2397,20251122,7,2,4,21,5,1,15728.27,5.1,462.42
383,20251123,10,4,4,51,13,1,87787.32,2.6,1032.17
949,20251123,2,6,1,58,15,1,65306.46,3.4,1122.26
2054,20251123,9,1,5,87,8,1,43507.61,2.9,755.53
571,20251124,8,5,2,23,2,0,21976.86,4.2,110.43
640,20251124,3,4,3,68,4,1,64164.1,3.0,159.75
763,20251124,2,5,3,73,7,1,86646.48,1.6,630.96
965,20251124,2,2,2,117,8,3,146118.77,4.5,480.06
1421,20251125,2,2,1,63,6,1,78292.22,5.1,477.73
1727,20251125,1,1,2,28,1,0,22517.53,3.2,80.81
2028,20251125,6,1,3,90,9,0,185181.14,3.9,423.33
776,20251126,7,4,3,71,5,2,55379.23,4.9,405.0
1295,20251126,5,2,2,57,2,1,77568.45,3.3,134.55
340,20251127,5,6,4,80,25,1,120030.0,7.2,1664.52
671,20251127,6,4,1,118,10,2,231215.53,4.6,374.06
1269,20251127,6,1,4,53,14,4,105204.97,5.8,1311.3
1832,20251127,12,1,2,36,4,1,22902.81,3.9,295.69
1930,20251127,11,2,1,64,3,1,67513.16,2.8,117.59
1934,20251127,11,5,4,52,8,1,55496.89,5.5,616.3
2122,20251127,9,3,4,78,20,4,45145.66,6.5,1827.21
2387,20251127,7,3,5,64,6,0,50610.26,2.9,212.67
293,20251128,11,1,2,20,4,0,23112.54,4.2,196.46
2165,20251128,11,1,2,67,11,2,70179.44,3.6,860.37
448,20251129,5,6,1,81,11,1,116745.45,5.1,404.31
1440,20251129,12,2,2,75,8,0,51106.81,1.5,415.92
1784,20251129,11,5,5,26,3,0,26584.81,3.1,223.95
2389,20251129,4,2,3,118,16,10,78760.18,3.2,940.64
274,20251201,3,5,2,53,1,1,48473.52,3.4,49.8
684,20251201,3,6,1,74,17,0,77796.24,4.1,1127.2
1054,20251201,5,5,3,78,10,0,108087.67,3.6,875.81
1083,20251201,10,6,1,88,16,2,151484.78,6.0,1064.71
195,20251202,4,4,3,119,10,9,76894.7,4.1,899.23
451,20251202,3,1,2,49,3,1,45714.93,3.5,247.74
515,20251202,5,3,1,89,9,0,119016.18,4.3,409.7
683,20251202,4,2,5,19,2,0,11816.29,3.9,110.94
1376,20251202,3,3,2,30,2,1,28612.07,4.6,131.2
1448,20251202,5,3,1,86,6,0,116428.28,3.4,422.03
1810,20251202,8,5,1,71,8,0,59413.71,3.3,725.04
1939,20251202,9,3,5,103,8,4,52690.22,2.3,570.52
649,20251203,3,3,1,99,16,2,104166.55,4.2,1145.51
751,20251203,9,4,4,109,26,6,55201.3,4.7,1107.77
1223,20251203,4,2,2,26,2,2,16412.55,3.4,189.62
1700,20251203,5,3,1,34,3,2,47270.52,3.7,180.82
2117,20251203,5,1,5,62,7,3,91826.31,4.6,264.29
200,20251204,5,3,3,98,16,1,150723.22,4.9,1487.06
503,20251204,11,2,3,109,5,1,121387.9,3.7,379.81
999,20251204,1,4,3,103,13,2,86280.89,2.8,742.63
1377,20251204,7,5,3,81,6,2,60384.68,3.2,310.39
2143,20251204,12,4,3,74,7,2,50120.11,6.3,344.15
2363,20251204,2,4,4,29,10,0,35518.65,6.7,726.97
337,20251205,7,3,2,76,8,1,54715.28,3.9,491.19
853,20251205,2,1,3,114,9,1,138976.84,3.9,363.42
1210,20251205,9,1,4,73,15,2,41902.96,4.5,1004.67
1243,20251205,12,3,2,120,18,2,84236.99,4.2,780.26
1369,20251205,10,5,1,18,3,1,33224.28,3.8,112.17
466,20251207,1,6,3,19,6,0,14986.34,6.9,408.32
609,20251207,8,4,1,93,6,2,77150.18,3.7,379.51
64,20251208,8,5,5,46,4,0,37882.49,3.4,168.88
797,20251208,3,4,4,94,14,2,86067.22,5.1,1147.1
861,20251208,6,1,2,118,9,3,243351.58,1.0,403.81
1567,20251208,10,5,2,116,17,5,194387.31,3.7,1212.8
208,20251209,4,5,4,108,23,5,67662.46,5.3,1202.81
355,20251209,12,5,4,69,18,0,49745.1,6.7,1166.82
417,20251209,9,5,4,104,22,5,58574.32,5.5,2056.77
1226,20251209,9,5,3,50,3,2,26329.14,2.2,129.01
46,20251210,11,5,3,85,7,0,97977.34,3.6,606.41
1233,20251210,1,5,1,50,6,0,45001.05,4.0,531.67
1955,20251210,6,4,5,85,6,2,172724.55,3.5,495.0
404,20251211,1,5,2,85,13,0,72347.14,4.4,534.53
959,20251211,3,4,5,75,4,1,73191.35,3.2,171.78
441,20251212,6,3,4,78,18,2,167602.3,3.5,1075.07
947,20251212,8,3,5,105,13,0,97327.23,3.7,815.82
325,20251213,10,1,3,21,2,0,35120.32,3.2,123.7
12,20251214,1,2,1,92,10,0,73213.23,4.1,918.07
1649,20251214,5,2,2,113,8,0,172668.94,3.3,329.99
1797,20251214,7,6,2,85,11,2,63490.57,4.5,580.02
2132,20251214,2,5,3,50,3,0,64725.01,2.9,136.26
2270,20251214,6,5,5,43,8,0,91058.87,3.0,627.69
2388,20251214,1,1,5,111,11,4,91061.53,3.2,956.37
1250,20251215,9,2,2,113,13,0,57011.58,3.6,1019.12
1475,20251215,8,4,5,38,2,1,34709.19,2.4,84.52
1746,20251216,4,4,4,53,11,3,30659.88,7.3,756.23
2170,20251216,3,5,5,67,6,1,69115.07,4.3,479.94
594,20251217,11,5,2,88,6,2,102042.48,3.8,504.28
851,20251217,5,6,2,99,15,2,144996.91,4.2,985.32
894,20251217,4,2,2,68,14,2,43725.55,3.9,1247.45
914,20251217,3,4,2,78,6,2,74111.49,3.3,496.96
1381,20251217,1,3,1,68,3,0,59012.4,4.0,141.1
2230,20251217,5,6,3,42,10,3,57189.21,3.5,813.84
1198,20251218,7,6,1,87,13,1,66311.12,4.3,817.34
141,20251219,4,5,5,52,5,7,32005.9,5.9,408.02
1676,20251219,1,2,2,90,12,2,82204.76,4.9,614.72
1707,20251219,2,6,5,35,6,0,43225.96,5.4,385.07
1830,20251219,1,2,1,26,1,0,23700.77,3.2,55.48
555,20251220,4,5,1,65,6,5,43025.77,3.5,537.71
1203,20251220,2,4,1,42,3,2,48426.81,4.8,115.75
1228,20251220,3,5,1,35,2,1,32624.49,3.8,133.78
1393,20251220,4,2,2,112,20,8,65505.37,3.3,1090.98
1457,20251220,5,4,2,28,3,0,42310.52,3.4,134.51
1570,20251220,8,1,5,90,4,4,75665.14,2.4,336.72
1828,20251220,8,4,1,87,13,1,75382.97,4.4,540.55
1246,20251221,7,3,2,98,11,0,74947.72,4.3,493.67
2035,20251221,8,1,3,59,5,2,50731.54,3.0,391.36
772,20251222,12,5,1,106,10,3,75609.62,3.1,620.64
1747,20251223,5,5,1,81,10,2,115393.35,3.8,731.58
1962,20251223,10,2,4,120,19,3,208584.26,5.3,888.31
2039,20251223,5,1,4,48,8,1,68614.42,5.3,525.21
2379,20251223,2,3,1,116,11,2,148750.48,2.3,397.77
265,20251224,3,4,3,85,7,2,82388.2,4.7,309.12
1082,20251224,3,6,2,51,9,1,48495.67,5.0,451.48
1088,20251224,12,2,2,76,7,1,51568.48,3.8,379.25
2376,20251224,1,3,4,55,10,2,44764.83,4.3,907.4
347,20251225,3,3,4,87,18,2,87861.1,4.2,1428.75
1620,20251225,9,1,1,90,5,1,48468.82,2.8,178.1
145,20251226,10,1,4,70,14,4,128750.39,7.8,1101.35
356,20251226,11,6,1,37,6,0,38647.54,5.6,540.35
1626,20251226,2,5,4,45,4,2,58300.89,7.7,203.5
2046,20251226,5,4,4,91,18,0,122280.92,3.9,1388.15
2260,20251226,6,3,3,19,3,2,40483.16,2.7,146.03
1998,20251227,4,5,2,84,12,9,55683.03,3.0,703.64
511,20251228,2,6,2,73,14,1,83056.23,3.4,606.03
1056,20251228,11,4,3,112,11,2,125508.01,4.7,453.58
1117,20251228,3,2,4,84,17,1,81550.32,5.5,1165.33
1422,20251228,1,2,3,25,3,0,19775.62,3.4,161.36
1559,20251228,2,1,2,91,7,1,109748.26,2.8,557.99
161,20251229,7,3,1,78,8,0,61074.48,2.9,632.49
691,20251229,5,3,2,49,6,0,67301.36,2.0,223.43
810,20251229,3,1,3,33,2,0,30947.53,3.0,186.43
2173,20251229,6,2,1,56,8,1,109500.38,3.2,317.13
401,20251230,10,3,1,50,4,1,82997.46,3.3,256.48
1169,20251230,10,2,3,43,4,2,71956.86,2.6,297.61
1346,20251230,12,5,5,115,8,3,74409.22,3.0,578.02
2218,20251230,8,5,1,45,3,0,42556.41,3.8,278.35
820,20251231,6,1,4,22,4,0,46167.21,4.7,166.28
1336,20251231,3,2,5,29,1,0,29903.25,3.1,38.47
2262,20251231,7,1,2,120,12,1,89011.29,3.8,502.52
